trial,testing,parameters,initial_deadline,final_deadline,net_reward,actions,success
1,False,"{'a': 0.75, 'e': 0.99}",35,0,-195.67189402564225,"{0: 17, 1: 10, 2: 5, 3: 0, 4: 3}",0
2,False,"{'a': 0.75, 'e': 0.9801}",25,0,-141.0279646658299,"{0: 13, 1: 1, 2: 9, 3: 1, 4: 1}",0
3,False,"{'a': 0.75, 'e': 0.970299}",20,0,-104.75260458543077,"{0: 9, 1: 3, 2: 6, 3: 2, 4: 0}",0
4,False,"{'a': 0.75, 'e': 0.96059601}",20,0,-145.70056906076735,"{0: 9, 1: 1, 2: 7, 3: 2, 4: 1}",0
5,False,"{'a': 0.75, 'e': 0.9509900498999999}",25,0,-200.96356446841645,"{0: 14, 1: 0, 2: 6, 3: 2, 4: 3}",0
6,False,"{'a': 0.75, 'e': 0.941480149401}",30,0,-190.18254483158358,"{0: 16, 1: 7, 2: 3, 3: 1, 4: 3}",0
7,False,"{'a': 0.75, 'e': 0.9320653479069899}",35,0,-243.7392102245886,"{0: 21, 1: 4, 2: 4, 3: 2, 4: 4}",0
8,False,"{'a': 0.75, 'e': 0.9227446944279201}",20,0,-46.3941055244694,"{0: 14, 1: 3, 2: 2, 3: 1, 4: 0}",0
9,False,"{'a': 0.75, 'e': 0.9135172474836408}",20,0,-12.927997929474932,"{0: 16, 1: 2, 2: 2, 3: 0, 4: 0}",0
10,False,"{'a': 0.75, 'e': 0.9043820750088044}",20,6,-4.448199229032884,"{0: 11, 1: 2, 2: 1, 3: 0, 4: 0}",1
11,False,"{'a': 0.75, 'e': 0.8953382542587164}",25,13,-30.472866472485542,"{0: 10, 1: 0, 2: 1, 3: 0, 4: 1}",1
12,False,"{'a': 0.75, 'e': 0.8863848717161292}",20,0,-136.65567755300344,"{0: 11, 1: 3, 2: 2, 3: 2, 4: 2}",0
13,False,"{'a': 0.75, 'e': 0.8775210229989678}",20,14,-43.63129671952215,"{0: 4, 1: 0, 2: 1, 3: 0, 4: 1}",1
14,False,"{'a': 0.75, 'e': 0.8687458127689782}",25,0,-84.988562760408,"{0: 16, 1: 3, 2: 5, 3: 0, 4: 1}",0
15,False,"{'a': 0.75, 'e': 0.8600583546412884}",25,0,-76.71971980063631,"{0: 16, 1: 5, 2: 3, 3: 0, 4: 1}",0
16,False,"{'a': 0.75, 'e': 0.8514577710948755}",30,0,-124.01967528129182,"{0: 20, 1: 1, 2: 6, 3: 2, 4: 1}",0
17,False,"{'a': 0.75, 'e': 0.8429431933839268}",30,0,-190.68535525401992,"{0: 18, 1: 4, 2: 3, 3: 2, 4: 3}",0
18,False,"{'a': 0.75, 'e': 0.8345137614500875}",25,0,-66.86090638772755,"{0: 19, 1: 2, 2: 2, 3: 1, 4: 1}",0
19,False,"{'a': 0.75, 'e': 0.8261686238355866}",20,0,-31.366993956524794,"{0: 14, 1: 4, 2: 1, 3: 1, 4: 0}",0
20,False,"{'a': 0.75, 'e': 0.8179069375972308}",20,12,12.084938099050879,"{0: 8, 1: 0, 2: 0, 3: 0, 4: 0}",1
21,False,"{'a': 0.75, 'e': 0.8097278682212584}",20,0,-104.03910811291581,"{0: 14, 1: 0, 2: 4, 3: 0, 4: 2}",0
22,False,"{'a': 0.75, 'e': 0.8016305895390459}",30,0,-64.54188990477208,"{0: 22, 1: 3, 2: 3, 3: 2, 4: 0}",0
23,False,"{'a': 0.75, 'e': 0.7936142836436554}",20,14,-3.1872660111009092,"{0: 4, 1: 2, 2: 0, 3: 0, 4: 0}",1
24,False,"{'a': 0.75, 'e': 0.7856781408072188}",20,0,-110.54932483228082,"{0: 12, 1: 3, 2: 3, 3: 0, 4: 2}",0
25,False,"{'a': 0.75, 'e': 0.7778213593991467}",20,13,-38.315449158639396,"{0: 5, 1: 1, 2: 0, 3: 0, 4: 1}",1
26,False,"{'a': 0.75, 'e': 0.7700431458051551}",30,0,-142.8313357204984,"{0: 18, 1: 4, 2: 4, 3: 3, 4: 1}",0
27,False,"{'a': 0.75, 'e': 0.7623427143471035}",20,0,-46.32664395076829,"{0: 13, 1: 4, 2: 2, 3: 1, 4: 0}",0
28,False,"{'a': 0.75, 'e': 0.7547192872036325}",25,0,-68.11147020115163,"{0: 18, 1: 3, 2: 2, 3: 1, 4: 1}",0
29,False,"{'a': 0.75, 'e': 0.7471720943315961}",25,0,-78.1145657669054,"{0: 17, 1: 4, 2: 2, 3: 1, 4: 1}",0
30,False,"{'a': 0.75, 'e': 0.7397003733882802}",25,0,-137.80980156739295,"{0: 15, 1: 3, 2: 4, 3: 1, 4: 2}",0
31,False,"{'a': 0.75, 'e': 0.7323033696543975}",35,0,-52.23152654871766,"{0: 25, 1: 4, 2: 6, 3: 0, 4: 0}",0
32,False,"{'a': 0.75, 'e': 0.7249803359578535}",25,0,-105.25760079808867,"{0: 18, 1: 2, 2: 3, 3: 0, 4: 2}",0
33,False,"{'a': 0.75, 'e': 0.7177305325982749}",20,13,-56.15615893498906,"{0: 4, 1: 0, 2: 2, 3: 0, 4: 1}",1
34,False,"{'a': 0.75, 'e': 0.7105532272722921}",20,0,-148.12573895568065,"{0: 13, 1: 1, 2: 2, 3: 1, 4: 3}",0
35,False,"{'a': 0.75, 'e': 0.7034476949995692}",20,0,-39.55990275897837,"{0: 16, 1: 2, 2: 1, 3: 0, 4: 1}",0
36,False,"{'a': 0.75, 'e': 0.6964132180495735}",25,0,-22.31863267069312,"{0: 20, 1: 1, 2: 4, 3: 0, 4: 0}",0
37,False,"{'a': 0.75, 'e': 0.6894490858690778}",25,6,-62.64541766253641,"{0: 14, 1: 1, 2: 2, 3: 1, 4: 1}",1
38,False,"{'a': 0.75, 'e': 0.682554595010387}",20,0,-73.26029276556673,"{0: 14, 1: 2, 2: 2, 3: 1, 4: 1}",0
39,False,"{'a': 0.75, 'e': 0.6757290490602831}",20,0,-59.15222860645343,"{0: 14, 1: 2, 2: 3, 3: 0, 4: 1}",0
40,False,"{'a': 0.75, 'e': 0.6689717585696803}",20,0,-68.4025604274386,"{0: 14, 1: 3, 2: 1, 3: 1, 4: 1}",0
41,False,"{'a': 0.75, 'e': 0.6622820409839835}",20,0,-112.45439162619077,"{0: 9, 1: 4, 2: 6, 3: 0, 4: 1}",0
42,False,"{'a': 0.75, 'e': 0.6556592205741436}",25,0,-19.91462029468929,"{0: 20, 1: 2, 2: 2, 3: 1, 4: 0}",0
43,False,"{'a': 0.75, 'e': 0.6491026283684022}",35,0,-214.50353238881814,"{0: 20, 1: 3, 2: 7, 3: 2, 4: 3}",1
44,False,"{'a': 0.75, 'e': 0.6426116020847181}",20,13,6.691118479377543,"{0: 6, 1: 1, 2: 0, 3: 0, 4: 0}",1
45,False,"{'a': 0.75, 'e': 0.6361854860638709}",20,0,-59.72353425743104,"{0: 13, 1: 1, 2: 5, 3: 1, 4: 0}",0
46,False,"{'a': 0.75, 'e': 0.6298236312032323}",20,0,-136.06967100149757,"{0: 12, 1: 0, 2: 5, 3: 1, 4: 2}",0
47,False,"{'a': 0.75, 'e': 0.6235253948912}",25,0,-150.8562401336182,"{0: 17, 1: 2, 2: 2, 3: 1, 4: 3}",0
48,False,"{'a': 0.75, 'e': 0.617290140942288}",25,0,-34.49463371761548,"{0: 21, 1: 2, 2: 1, 3: 0, 4: 1}",0
49,False,"{'a': 0.75, 'e': 0.611117239532865}",20,11,-36.52505011820904,"{0: 7, 1: 0, 2: 1, 3: 0, 4: 1}",1
50,False,"{'a': 0.75, 'e': 0.6050060671375364}",25,0,-20.42404381067081,"{0: 19, 1: 2, 2: 4, 3: 0, 4: 0}",0
51,False,"{'a': 0.75, 'e': 0.598956006466161}",30,0,-99.1770192620576,"{0: 23, 1: 1, 2: 4, 3: 0, 4: 2}",0
52,False,"{'a': 0.75, 'e': 0.5929664464014994}",20,0,-174.50385650345578,"{0: 12, 1: 1, 2: 3, 3: 0, 4: 4}",0
53,False,"{'a': 0.75, 'e': 0.5870367819374844}",20,0,-106.01099959790876,"{0: 13, 1: 2, 2: 3, 3: 0, 4: 2}",0
54,False,"{'a': 0.75, 'e': 0.5811664141181095}",20,0,-10.074765002417536,"{0: 16, 1: 1, 2: 3, 3: 0, 4: 0}",0
55,False,"{'a': 0.75, 'e': 0.5753547499769285}",20,0,-93.7856233097309,"{0: 11, 1: 3, 2: 5, 3: 0, 4: 1}",1
56,False,"{'a': 0.75, 'e': 0.5696012024771592}",20,0,-123.08684094257657,"{0: 14, 1: 1, 2: 2, 3: 0, 4: 3}",0
57,False,"{'a': 0.75, 'e': 0.5639051904523875}",20,9,3.6657932648835034,"{0: 9, 1: 2, 2: 0, 3: 0, 4: 0}",1
58,False,"{'a': 0.75, 'e': 0.5582661385478637}",20,0,-108.78411075427348,"{0: 13, 1: 1, 2: 4, 3: 0, 4: 2}",0
59,False,"{'a': 0.75, 'e': 0.5526834771623851}",30,0,-63.282354178739496,"{0: 23, 1: 3, 2: 2, 3: 1, 4: 1}",0
60,False,"{'a': 0.75, 'e': 0.5471566423907612}",30,0,-32.437086648420824,"{0: 21, 1: 5, 2: 4, 3: 0, 4: 0}",0
61,False,"{'a': 0.75, 'e': 0.5416850759668536}",20,0,-49.55527054102552,"{0: 14, 1: 0, 2: 5, 3: 1, 4: 0}",0
62,False,"{'a': 0.75, 'e': 0.536268225207185}",20,0,-116.70855338357288,"{0: 12, 1: 3, 2: 2, 3: 1, 4: 2}",0
63,False,"{'a': 0.75, 'e': 0.5309055429551132}",30,0,4.369897968804884,"{0: 26, 1: 1, 2: 3, 3: 0, 4: 0}",0
64,False,"{'a': 0.75, 'e': 0.525596487525562}",25,0,-39.56434497465767,"{0: 20, 1: 3, 2: 1, 3: 0, 4: 1}",0
65,False,"{'a': 0.75, 'e': 0.5203405226503064}",25,0,-19.592545859456795,"{0: 23, 1: 0, 2: 1, 3: 0, 4: 1}",0
66,False,"{'a': 0.75, 'e': 0.5151371174238033}",30,9,-10.689850883578872,"{0: 17, 1: 1, 2: 3, 3: 0, 4: 0}",1
67,False,"{'a': 0.75, 'e': 0.5099857462495653}",20,13,2.0862496075862267,"{0: 6, 1: 0, 2: 1, 3: 0, 4: 0}",1
68,False,"{'a': 0.75, 'e': 0.5048858887870696}",30,8,-15.285137786261673,"{0: 16, 1: 4, 2: 2, 3: 0, 4: 0}",1
69,False,"{'a': 0.75, 'e': 0.4998370298991989}",25,0,-58.19138695992825,"{0: 18, 1: 2, 2: 4, 3: 0, 4: 1}",0
70,False,"{'a': 0.75, 'e': 0.49483865960020695}",25,8,-11.809221617216613,"{0: 13, 1: 2, 2: 2, 3: 0, 4: 0}",1
71,False,"{'a': 0.75, 'e': 0.4898902730042049}",20,0,-26.903971000678695,"{0: 15, 1: 4, 2: 0, 3: 1, 4: 0}",0
72,False,"{'a': 0.75, 'e': 0.48499137027416284}",20,0,-11.475184453759017,"{0: 16, 1: 1, 2: 3, 3: 0, 4: 0}",0
73,False,"{'a': 0.75, 'e': 0.4801414565714212}",35,18,-6.271985662421629,"{0: 13, 1: 3, 2: 1, 3: 0, 4: 0}",1
74,False,"{'a': 0.75, 'e': 0.47534004200570695}",20,0,-48.15348221585229,"{0: 16, 1: 1, 2: 1, 3: 1, 4: 1}",0
75,False,"{'a': 0.75, 'e': 0.4705866415856499}",35,15,-58.30378038791406,"{0: 14, 1: 3, 2: 1, 3: 1, 4: 1}",1
76,False,"{'a': 0.75, 'e': 0.46588077516979337}",25,1,-69.26909045056757,"{0: 18, 1: 1, 2: 3, 3: 1, 4: 1}",1
77,False,"{'a': 0.75, 'e': 0.46122196741809546}",30,2,-114.46920796599213,"{0: 18, 1: 4, 2: 4, 3: 0, 4: 2}",1
78,False,"{'a': 0.75, 'e': 0.4566097477439145}",25,17,-10.000836678475169,"{0: 6, 1: 0, 2: 2, 3: 0, 4: 0}",1
79,False,"{'a': 0.75, 'e': 0.45204365026647536}",25,17,-22.056457691272822,"{0: 6, 1: 0, 2: 1, 3: 1, 4: 0}",1
80,False,"{'a': 0.75, 'e': 0.4475232137638106}",25,9,8.734304291595258,"{0: 15, 1: 0, 2: 1, 3: 0, 4: 0}",1
81,False,"{'a': 0.75, 'e': 0.4430479816261725}",20,0,-12.141354211118532,"{0: 16, 1: 2, 2: 2, 3: 0, 4: 0}",0
82,False,"{'a': 0.75, 'e': 0.43861750180991077}",20,3,26.780880346233328,"{0: 17, 1: 0, 2: 0, 3: 0, 4: 0}",1
83,False,"{'a': 0.75, 'e': 0.43423132679181164}",25,0,-33.243135791990476,"{0: 21, 1: 1, 2: 2, 3: 0, 4: 1}",0
84,False,"{'a': 0.75, 'e': 0.4298890135238935}",25,15,9.66685086954,"{0: 9, 1: 1, 2: 0, 3: 0, 4: 0}",1
85,False,"{'a': 0.75, 'e': 0.4255901233886546}",25,0,-60.84745625867581,"{0: 16, 1: 5, 2: 3, 3: 1, 4: 0}",0
86,False,"{'a': 0.75, 'e': 0.421334222154768}",35,0,-135.02445688491338,"{0: 25, 1: 4, 2: 3, 3: 0, 4: 3}",0
87,False,"{'a': 0.75, 'e': 0.41712087993322033}",25,0,9.108985684794934,"{0: 23, 1: 0, 2: 2, 3: 0, 4: 0}",0
88,False,"{'a': 0.75, 'e': 0.41294967113388814}",20,0,-16.44139461640588,"{0: 17, 1: 0, 2: 2, 3: 1, 4: 0}",0
89,False,"{'a': 0.75, 'e': 0.40882017442254925}",30,3,-67.36936624177837,"{0: 23, 1: 0, 2: 2, 3: 0, 4: 2}",1
90,False,"{'a': 0.75, 'e': 0.4047319726783238}",25,14,-37.0311989742652,"{0: 7, 1: 0, 2: 3, 3: 1, 4: 0}",1
91,False,"{'a': 0.75, 'e': 0.40068465295154054}",25,1,1.5774427209617516,"{0: 21, 1: 0, 2: 3, 3: 0, 4: 0}",1
92,False,"{'a': 0.75, 'e': 0.3966778064220251}",30,12,-25.992277967636895,"{0: 16, 1: 0, 2: 1, 3: 0, 4: 1}",1
93,False,"{'a': 0.75, 'e': 0.39271102835780486}",25,0,-35.245319766910995,"{0: 21, 1: 1, 2: 2, 3: 0, 4: 1}",0
94,False,"{'a': 0.75, 'e': 0.3887839180742268}",30,13,14.41020341447367,"{0: 16, 1: 0, 2: 1, 3: 0, 4: 0}",1
95,False,"{'a': 0.75, 'e': 0.38489607889348454}",30,0,-95.35397865754014,"{0: 25, 1: 1, 2: 1, 3: 0, 4: 3}",0
96,False,"{'a': 0.75, 'e': 0.38104711810454966}",25,7,15.414326354058044,"{0: 17, 1: 0, 2: 1, 3: 0, 4: 0}",1
97,False,"{'a': 0.75, 'e': 0.37723664692350417}",20,11,13.79686654997052,"{0: 9, 1: 0, 2: 0, 3: 0, 4: 0}",1
98,False,"{'a': 0.75, 'e': 0.37346428045426916}",20,2,17.86280446644589,"{0: 17, 1: 0, 2: 1, 3: 0, 4: 0}",1
99,False,"{'a': 0.75, 'e': 0.36972963764972644}",20,12,-36.84823905376018,"{0: 6, 1: 0, 2: 1, 3: 0, 4: 1}",1
100,False,"{'a': 0.75, 'e': 0.3660323412732292}",25,9,14.784758711943798,"{0: 14, 1: 2, 2: 0, 3: 0, 4: 0}",1
101,False,"{'a': 0.75, 'e': 0.3623720178604969}",30,0,-37.81764922821397,"{0: 25, 1: 1, 2: 3, 3: 0, 4: 1}",0
102,False,"{'a': 0.75, 'e': 0.3587482976818919}",25,8,-46.834579162526445,"{0: 14, 1: 0, 2: 1, 3: 1, 4: 1}",1
103,False,"{'a': 0.75, 'e': 0.355160814705073}",20,0,-76.50826815575785,"{0: 14, 1: 0, 2: 4, 3: 1, 4: 1}",0
104,False,"{'a': 0.75, 'e': 0.35160920655802225}",20,0,-72.45701450518578,"{0: 16, 1: 1, 2: 1, 3: 0, 4: 2}",0
105,False,"{'a': 0.75, 'e': 0.348093114492442}",20,0,-54.9570381756737,"{0: 15, 1: 1, 2: 3, 3: 0, 4: 1}",1
106,False,"{'a': 0.75, 'e': 0.3446121833475176}",30,3,-97.22331596035298,"{0: 21, 1: 1, 2: 2, 3: 1, 4: 2}",1
107,False,"{'a': 0.75, 'e': 0.34116606151404244}",30,17,-8.233760077688187,"{0: 11, 1: 0, 2: 1, 3: 1, 4: 0}",1
108,False,"{'a': 0.75, 'e': 0.337754400898902}",20,0,15.660896636704884,"{0: 19, 1: 0, 2: 1, 3: 0, 4: 0}",0
109,False,"{'a': 0.75, 'e': 0.334376856889913}",35,3,-43.891697468507985,"{0: 27, 1: 0, 2: 4, 3: 0, 4: 1}",1
110,False,"{'a': 0.75, 'e': 0.33103308832101386}",20,0,12.759289317513005,"{0: 18, 1: 1, 2: 1, 3: 0, 4: 0}",0
111,False,"{'a': 0.75, 'e': 0.3277227574378037}",20,0,-56.074946852855135,"{0: 16, 1: 1, 2: 1, 3: 1, 4: 1}",0
112,False,"{'a': 0.75, 'e': 0.3244455298634257}",35,18,23.15598977462618,"{0: 16, 1: 1, 2: 0, 3: 0, 4: 0}",1
113,False,"{'a': 0.75, 'e': 0.3212010745647914}",20,4,-80.44117968022192,"{0: 12, 1: 1, 2: 1, 3: 0, 4: 2}",1
114,False,"{'a': 0.75, 'e': 0.3179890638191435}",20,3,-42.990015308096126,"{0: 13, 1: 2, 2: 1, 3: 0, 4: 1}",1
115,False,"{'a': 0.75, 'e': 0.31480917318095203}",30,13,-47.72039970281398,"{0: 13, 1: 1, 2: 1, 3: 1, 4: 1}",1
116,False,"{'a': 0.75, 'e': 0.3116610814491425}",20,0,16.730202056131205,"{0: 19, 1: 1, 2: 0, 3: 0, 4: 0}",0
117,False,"{'a': 0.75, 'e': 0.30854447063465107}",30,14,-41.62793691301185,"{0: 12, 1: 2, 2: 1, 3: 0, 4: 1}",1
118,False,"{'a': 0.75, 'e': 0.3054590259283046}",25,0,-43.28754202443514,"{0: 22, 1: 0, 2: 1, 3: 1, 4: 1}",0
119,False,"{'a': 0.75, 'e': 0.30240443566902153}",30,0,23.207173684809437,"{0: 28, 1: 2, 2: 0, 3: 0, 4: 0}",0
120,False,"{'a': 0.75, 'e': 0.2993803913123313}",25,16,-3.849633984895191,"{0: 7, 1: 1, 2: 1, 3: 0, 4: 0}",1
121,False,"{'a': 0.75, 'e': 0.296386587399208}",20,0,19.80411815888052,"{0: 19, 1: 0, 2: 1, 3: 0, 4: 0}",1
122,False,"{'a': 0.75, 'e': 0.2934227215252159}",20,4,-8.766633231594058,"{0: 12, 1: 2, 2: 2, 3: 0, 4: 0}",1
123,False,"{'a': 0.75, 'e': 0.29048849430996376}",25,14,18.164548006370765,"{0: 11, 1: 0, 2: 0, 3: 0, 4: 0}",1
124,False,"{'a': 0.75, 'e': 0.2875836093668641}",20,1,-7.721521685938096,"{0: 16, 1: 1, 2: 1, 3: 1, 4: 0}",1
125,False,"{'a': 0.75, 'e': 0.28470777327319546}",20,0,-0.03836798323377821,"{0: 18, 1: 1, 2: 0, 3: 1, 4: 0}",0
126,False,"{'a': 0.75, 'e': 0.2818606955404635}",30,12,33.21405075047212,"{0: 18, 1: 0, 2: 0, 3: 0, 4: 0}",1
127,False,"{'a': 0.75, 'e': 0.27904208858505886}",20,10,-36.942575170338685,"{0: 8, 1: 0, 2: 1, 3: 0, 4: 1}",1
128,False,"{'a': 0.75, 'e': 0.2762516676992083}",25,13,23.77641542886878,"{0: 12, 1: 0, 2: 0, 3: 0, 4: 0}",1
129,False,"{'a': 0.75, 'e': 0.2734891510222162}",25,7,-3.7182256763416346,"{0: 16, 1: 0, 2: 1, 3: 1, 4: 0}",1
130,False,"{'a': 0.75, 'e': 0.27075425951199406}",35,24,-8.73621361963333,"{0: 9, 1: 0, 2: 2, 3: 0, 4: 0}",1
131,False,"{'a': 0.75, 'e': 0.2680467169168741}",20,0,-51.568306290139056,"{0: 16, 1: 0, 2: 3, 3: 0, 4: 1}",0
132,False,"{'a': 0.75, 'e': 0.26536624974770534}",25,12,-31.236864237831266,"{0: 10, 1: 2, 2: 0, 3: 0, 4: 1}",1
133,False,"{'a': 0.75, 'e': 0.2627125872502283}",25,7,7.917286000176986,"{0: 16, 1: 0, 2: 2, 3: 0, 4: 0}",1
134,False,"{'a': 0.75, 'e': 0.26008546137772603}",35,25,18.085362856730804,"{0: 10, 1: 0, 2: 0, 3: 0, 4: 0}",1
135,False,"{'a': 0.75, 'e': 0.25748460676394874}",20,0,-36.2370277977768,"{0: 14, 1: 3, 2: 2, 3: 1, 4: 0}",0
136,False,"{'a': 0.75, 'e': 0.2549097606963093}",20,0,-40.63950929825139,"{0: 14, 1: 2, 2: 3, 3: 1, 4: 0}",0
137,False,"{'a': 0.75, 'e': 0.2523606630893462}",30,19,0.42200131923309336,"{0: 9, 1: 2, 2: 0, 3: 0, 4: 0}",1
138,False,"{'a': 0.75, 'e': 0.2498370564584527}",20,8,-14.6144747835801,"{0: 10, 1: 0, 2: 1, 3: 1, 4: 0}",1
139,False,"{'a': 0.75, 'e': 0.24733868589386818}",20,0,-20.362546520048365,"{0: 15, 1: 1, 2: 4, 3: 0, 4: 0}",0
140,False,"{'a': 0.75, 'e': 0.24486529903492948}",20,14,-43.1561050101085,"{0: 4, 1: 0, 2: 1, 3: 0, 4: 1}",1
141,False,"{'a': 0.75, 'e': 0.2424166460445802}",25,15,11.925855323522365,"{0: 9, 1: 1, 2: 0, 3: 0, 4: 0}",1
142,False,"{'a': 0.75, 'e': 0.2399924795841344}",30,0,-44.99594323750859,"{0: 25, 1: 2, 2: 1, 3: 1, 4: 1}",0
143,False,"{'a': 0.75, 'e': 0.23759255478829303}",20,6,25.76936718842554,"{0: 14, 1: 0, 2: 0, 3: 0, 4: 0}",1
144,False,"{'a': 0.75, 'e': 0.23521662924041012}",30,0,-12.269165218100445,"{0: 28, 1: 0, 2: 1, 3: 0, 4: 1}",0
145,False,"{'a': 0.75, 'e': 0.232864462948006}",20,15,-13.31427981358795,"{0: 4, 1: 0, 2: 0, 3: 1, 4: 0}",1
146,False,"{'a': 0.75, 'e': 0.23053581831852593}",20,0,-132.5693352837409,"{0: 13, 1: 1, 2: 3, 3: 0, 4: 3}",0
147,False,"{'a': 0.75, 'e': 0.22823046013534068}",20,16,5.344167431833176,"{0: 4, 1: 0, 2: 0, 3: 0, 4: 0}",1
148,False,"{'a': 0.75, 'e': 0.22594815553398728}",25,0,-42.874821538517736,"{0: 21, 1: 1, 2: 1, 3: 1, 4: 1}",0
149,False,"{'a': 0.75, 'e': 0.2236886739786474}",20,0,-70.42403893233094,"{0: 15, 1: 0, 2: 3, 3: 1, 4: 1}",0
150,False,"{'a': 0.75, 'e': 0.22145178723886091}",25,10,21.866371807918405,"{0: 15, 1: 0, 2: 0, 3: 0, 4: 0}",1
151,False,"{'a': 0.75, 'e': 0.2192372693664723}",25,14,1.374177049920927,"{0: 8, 1: 3, 2: 0, 3: 0, 4: 0}",1
152,False,"{'a': 0.75, 'e': 0.21704489667280757}",25,11,8.176577075494333,"{0: 13, 1: 0, 2: 1, 3: 0, 4: 0}",1
153,False,"{'a': 0.75, 'e': 0.2148744477060795}",30,21,-34.73816737054578,"{0: 7, 1: 1, 2: 0, 3: 0, 4: 1}",1
154,False,"{'a': 0.75, 'e': 0.2127257032290187}",20,0,1.3923092460227449,"{0: 17, 1: 1, 2: 2, 3: 0, 4: 0}",0
155,False,"{'a': 0.75, 'e': 0.21059844619672852}",20,6,26.377606398698696,"{0: 14, 1: 0, 2: 0, 3: 0, 4: 0}",1
156,False,"{'a': 0.75, 'e': 0.20849246173476124}",25,13,23.44955737396777,"{0: 12, 1: 0, 2: 0, 3: 0, 4: 0}",1
157,False,"{'a': 0.75, 'e': 0.2064075371174136}",25,18,-27.98245293633456,"{0: 6, 1: 0, 2: 0, 3: 0, 4: 1}",1
158,False,"{'a': 0.75, 'e': 0.20434346174623946}",25,3,-26.233885071302424,"{0: 19, 1: 0, 2: 2, 3: 0, 4: 1}",1
159,False,"{'a': 0.75, 'e': 0.2023000271287771}",25,0,14.381495169732965,"{0: 24, 1: 0, 2: 0, 3: 1, 4: 0}",0
160,False,"{'a': 0.75, 'e': 0.20027702685748933}",25,14,0.3446828875248338,"{0: 9, 1: 1, 2: 1, 3: 0, 4: 0}",1
161,False,"{'a': 0.75, 'e': 0.19827425658891443}",25,0,-84.37645273087081,"{0: 18, 1: 4, 2: 1, 3: 0, 4: 2}",0
162,False,"{'a': 0.75, 'e': 0.19629151402302528}",20,12,-10.487340155771752,"{0: 7, 1: 0, 2: 0, 3: 1, 4: 0}",1
163,False,"{'a': 0.75, 'e': 0.19432859888279502}",20,0,8.988017106898923,"{0: 18, 1: 1, 2: 1, 3: 0, 4: 0}",0
164,False,"{'a': 0.75, 'e': 0.19238531289396707}",20,11,15.730026191721661,"{0: 9, 1: 0, 2: 0, 3: 0, 4: 0}",1
165,False,"{'a': 0.75, 'e': 0.1904614597650274}",35,0,10.413149939954478,"{0: 32, 1: 0, 2: 2, 3: 1, 4: 0}",0
166,False,"{'a': 0.75, 'e': 0.1885568451673771}",25,9,17.749836124428708,"{0: 15, 1: 1, 2: 0, 3: 0, 4: 0}",1
167,False,"{'a': 0.75, 'e': 0.18667127671570335}",25,5,-38.17100476098024,"{0: 16, 1: 3, 2: 0, 3: 0, 4: 1}",1
168,False,"{'a': 0.75, 'e': 0.1848045639485463}",20,8,20.081952315563665,"{0: 12, 1: 0, 2: 0, 3: 0, 4: 0}",1
169,False,"{'a': 0.75, 'e': 0.18295651830906084}",25,0,-26.217522581351155,"{0: 22, 1: 0, 2: 2, 3: 0, 4: 1}",0
170,False,"{'a': 0.75, 'e': 0.18112695312597024}",25,0,15.493638371255333,"{0: 23, 1: 1, 2: 1, 3: 0, 4: 0}",0
171,False,"{'a': 0.75, 'e': 0.17931568359471053}",20,3,-28.955905596755183,"{0: 15, 1: 0, 2: 1, 3: 0, 4: 1}",1
172,False,"{'a': 0.75, 'e': 0.17752252675876343}",20,11,-11.424722100522134,"{0: 7, 1: 0, 2: 2, 3: 0, 4: 0}",1
173,False,"{'a': 0.75, 'e': 0.1757473014911758}",30,18,21.2470780816449,"{0: 12, 1: 0, 2: 0, 3: 0, 4: 0}",1
174,False,"{'a': 0.75, 'e': 0.17398982847626404}",25,14,16.86447158386402,"{0: 10, 1: 1, 2: 0, 3: 0, 4: 0}",1
175,False,"{'a': 0.75, 'e': 0.1722499301915014}",20,14,9.443522090415136,"{0: 6, 1: 0, 2: 0, 3: 0, 4: 0}",1
176,False,"{'a': 0.75, 'e': 0.17052743088958636}",20,0,-48.797528655464774,"{0: 17, 1: 0, 2: 1, 3: 1, 4: 1}",0
177,False,"{'a': 0.75, 'e': 0.1688221565806905}",20,8,3.3899585501489815,"{0: 10, 1: 1, 2: 1, 3: 0, 4: 0}",1
178,False,"{'a': 0.75, 'e': 0.1671339350148836}",25,7,27.96083298221385,"{0: 18, 1: 0, 2: 0, 3: 0, 4: 0}",1
179,False,"{'a': 0.75, 'e': 0.16546259566473476}",25,6,8.261136229645995,"{0: 17, 1: 0, 2: 2, 3: 0, 4: 0}",1
180,False,"{'a': 0.75, 'e': 0.16380796970808742}",25,14,-1.8200425874231951,"{0: 9, 1: 1, 2: 1, 3: 0, 4: 0}",1
181,False,"{'a': 0.75, 'e': 0.16216989001100654}",20,9,-16.085066585515207,"{0: 9, 1: 0, 2: 1, 3: 1, 4: 0}",1
182,False,"{'a': 0.75, 'e': 0.16054819111089647}",20,2,17.655268665996587,"{0: 17, 1: 0, 2: 1, 3: 0, 4: 0}",1
183,False,"{'a': 0.75, 'e': 0.1589427091997875}",25,11,20.23784522057012,"{0: 14, 1: 0, 2: 0, 3: 0, 4: 0}",1
184,False,"{'a': 0.75, 'e': 0.15735328210778962}",35,0,-16.87710434762554,"{0: 32, 1: 0, 2: 2, 3: 0, 4: 1}",0
185,False,"{'a': 0.75, 'e': 0.15577974928671173}",20,13,12.91380455547175,"{0: 7, 1: 0, 2: 0, 3: 0, 4: 0}",1
186,False,"{'a': 0.75, 'e': 0.15422195179384462}",20,12,-25.910130649873377,"{0: 7, 1: 0, 2: 0, 3: 0, 4: 1}",1
187,False,"{'a': 0.75, 'e': 0.15267973227590617}",20,0,-2.35019030450384,"{0: 17, 1: 1, 2: 2, 3: 0, 4: 0}",0
188,False,"{'a': 0.75, 'e': 0.1511529349531471}",25,6,27.87295778909836,"{0: 19, 1: 0, 2: 0, 3: 0, 4: 0}",1
189,False,"{'a': 0.75, 'e': 0.14964140560361563}",25,8,-23.62469136387953,"{0: 15, 1: 0, 2: 1, 3: 0, 4: 1}",1
190,False,"{'a': 0.75, 'e': 0.14814499154757946}",20,6,14.107821188776889,"{0: 13, 1: 0, 2: 1, 3: 0, 4: 0}",1
191,False,"{'a': 0.75, 'e': 0.14666354163210368}",20,5,6.432200797298158,"{0: 13, 1: 1, 2: 1, 3: 0, 4: 0}",1
192,False,"{'a': 0.75, 'e': 0.14519690621578263}",25,13,10.030999954639393,"{0: 11, 1: 1, 2: 0, 3: 0, 4: 0}",1
193,False,"{'a': 0.75, 'e': 0.1437449371536248}",20,11,5.738826358628337,"{0: 8, 1: 0, 2: 1, 3: 0, 4: 0}",1
194,False,"{'a': 0.75, 'e': 0.14230748778208857}",30,1,-1.9826371559311944,"{0: 25, 1: 2, 2: 1, 3: 1, 4: 0}",1
195,False,"{'a': 0.75, 'e': 0.14088441290426768}",20,6,9.251519920927098,"{0: 12, 1: 1, 2: 1, 3: 0, 4: 0}",1
196,False,"{'a': 0.75, 'e': 0.139475568775225}",25,9,2.909831123896354,"{0: 14, 1: 0, 2: 2, 3: 0, 4: 0}",1
197,False,"{'a': 0.75, 'e': 0.13808081308747275}",20,7,-20.05324751544778,"{0: 12, 1: 0, 2: 0, 3: 0, 4: 1}",1
198,False,"{'a': 0.75, 'e': 0.136700004956598}",20,12,6.046889116016245,"{0: 7, 1: 1, 2: 0, 3: 0, 4: 0}",1
199,False,"{'a': 0.75, 'e': 0.13533300490703204}",25,14,12.257686721322509,"{0: 10, 1: 1, 2: 0, 3: 0, 4: 0}",1
200,False,"{'a': 0.75, 'e': 0.13397967485796172}",20,14,0.1883883440924623,"{0: 5, 1: 0, 2: 1, 3: 0, 4: 0}",1
201,False,"{'a': 0.75, 'e': 0.1326398781093821}",20,11,14.757497737398804,"{0: 9, 1: 0, 2: 0, 3: 0, 4: 0}",1
202,False,"{'a': 0.75, 'e': 0.13131347932828827}",25,15,17.29412604643719,"{0: 10, 1: 0, 2: 0, 3: 0, 4: 0}",1
203,False,"{'a': 0.75, 'e': 0.1300003445350054}",25,13,22.110533618680233,"{0: 12, 1: 0, 2: 0, 3: 0, 4: 0}",1
204,False,"{'a': 0.75, 'e': 0.12870034108965533}",20,13,6.915859314514087,"{0: 6, 1: 1, 2: 0, 3: 0, 4: 0}",1
205,False,"{'a': 0.75, 'e': 0.1274133376787588}",20,0,31.253712947835478,"{0: 20, 1: 0, 2: 0, 3: 0, 4: 0}",1
206,False,"{'a': 0.75, 'e': 0.12613920430197118}",20,0,30.77873256897158,"{0: 20, 1: 0, 2: 0, 3: 0, 4: 0}",0
207,False,"{'a': 0.75, 'e': 0.12487781225895148}",25,18,9.571465793690745,"{0: 7, 1: 0, 2: 0, 3: 0, 4: 0}",1
208,False,"{'a': 0.75, 'e': 0.12362903413636196}",20,13,12.97440623908227,"{0: 7, 1: 0, 2: 0, 3: 0, 4: 0}",1
209,False,"{'a': 0.75, 'e': 0.12239274379499834}",30,18,20.030097310557007,"{0: 12, 1: 0, 2: 0, 3: 0, 4: 0}",1
210,False,"{'a': 0.75, 'e': 0.12116881635704835}",30,14,-33.86981902371713,"{0: 13, 1: 1, 2: 1, 3: 0, 4: 1}",1
211,False,"{'a': 0.75, 'e': 0.11995712819347787}",25,0,33.07174587375585,"{0: 25, 1: 0, 2: 0, 3: 0, 4: 0}",0
212,False,"{'a': 0.75, 'e': 0.11875755691154309}",20,0,18.404662081825684,"{0: 19, 1: 0, 2: 1, 3: 0, 4: 0}",0
213,False,"{'a': 0.75, 'e': 0.11756998134242766}",20,0,30.3373043355964,"{0: 20, 1: 0, 2: 0, 3: 0, 4: 0}",0
214,False,"{'a': 0.75, 'e': 0.11639428152900338}",20,10,-5.18869828069165,"{0: 9, 1: 0, 2: 0, 3: 1, 4: 0}",1
215,False,"{'a': 0.75, 'e': 0.11523033871371334}",25,0,-15.483848035616003,"{0: 23, 1: 0, 2: 1, 3: 0, 4: 1}",0
216,False,"{'a': 0.75, 'e': 0.11407803532657622}",25,12,-24.695796677974748,"{0: 12, 1: 0, 2: 0, 3: 0, 4: 1}",1
217,False,"{'a': 0.75, 'e': 0.11293725497331045}",30,8,-5.147401517231522,"{0: 21, 1: 0, 2: 0, 3: 0, 4: 1}",1
218,False,"{'a': 0.75, 'e': 0.11180788242357734}",25,12,-21.668131856693645,"{0: 12, 1: 0, 2: 0, 3: 0, 4: 1}",1
219,False,"{'a': 0.75, 'e': 0.11068980359934157}",20,15,6.901644769003582,"{0: 5, 1: 0, 2: 0, 3: 0, 4: 0}",1
220,False,"{'a': 0.75, 'e': 0.10958290556334815}",20,10,12.974178274785114,"{0: 9, 1: 1, 2: 0, 3: 0, 4: 0}",1
221,False,"{'a': 0.75, 'e': 0.10848707650771466}",20,12,15.100599530647674,"{0: 8, 1: 0, 2: 0, 3: 0, 4: 0}",1
222,False,"{'a': 0.75, 'e': 0.10740220574263752}",25,15,5.641827304630326,"{0: 9, 1: 0, 2: 1, 3: 0, 4: 0}",1
223,False,"{'a': 0.75, 'e': 0.10632818368521114}",20,14,9.060984054567038,"{0: 6, 1: 0, 2: 0, 3: 0, 4: 0}",1
224,False,"{'a': 0.75, 'e': 0.10526490184835903}",30,16,29.187562623222878,"{0: 14, 1: 0, 2: 0, 3: 0, 4: 0}",1
225,False,"{'a': 0.75, 'e': 0.10421225282987544}",20,3,-20.799536725211542,"{0: 15, 1: 1, 2: 0, 3: 0, 4: 1}",1
226,False,"{'a': 0.75, 'e': 0.10317013030157668}",25,17,6.683067748558821,"{0: 7, 1: 1, 2: 0, 3: 0, 4: 0}",1
227,False,"{'a': 0.75, 'e': 0.10213842899856092}",20,0,31.248266755452843,"{0: 20, 1: 0, 2: 0, 3: 0, 4: 0}",0
228,False,"{'a': 0.75, 'e': 0.10111704470857531}",20,14,10.34819864310003,"{0: 6, 1: 0, 2: 0, 3: 0, 4: 0}",1
229,False,"{'a': 0.75, 'e': 0.10010587426148955}",20,13,13.959513426270385,"{0: 7, 1: 0, 2: 0, 3: 0, 4: 0}",1
230,False,"{'a': 0.75, 'e': 0.09910481551887466}",30,24,10.988607122949876,"{0: 6, 1: 0, 2: 0, 3: 0, 4: 0}",1
231,False,"{'a': 0.75, 'e': 0.0981137673636859}",25,14,21.961729834076756,"{0: 11, 1: 0, 2: 0, 3: 0, 4: 0}",1
232,False,"{'a': 0.75, 'e': 0.09713262969004906}",20,14,10.206395028350515,"{0: 6, 1: 0, 2: 0, 3: 0, 4: 0}",1
233,False,"{'a': 0.75, 'e': 0.09616130339314856}",25,2,30.779756976732855,"{0: 23, 1: 0, 2: 0, 3: 0, 4: 0}",1
234,False,"{'a': 0.75, 'e': 0.09519969035921708}",20,13,10.395924423231067,"{0: 7, 1: 0, 2: 0, 3: 0, 4: 0}",1
235,False,"{'a': 0.75, 'e': 0.0942476934556249}",20,3,15.625403022264164,"{0: 16, 1: 0, 2: 1, 3: 0, 4: 0}",1
236,False,"{'a': 0.75, 'e': 0.09330521652106866}",25,17,-0.8803771643293574,"{0: 6, 1: 1, 2: 1, 3: 0, 4: 0}",1
237,False,"{'a': 0.75, 'e': 0.09237216435585796}",25,11,25.307421038669432,"{0: 14, 1: 0, 2: 0, 3: 0, 4: 0}",1
238,False,"{'a': 0.75, 'e': 0.09144844271229938}",20,11,-26.355143811989066,"{0: 8, 1: 0, 2: 0, 3: 0, 4: 1}",1
239,False,"{'a': 0.75, 'e': 0.0905339582851764}",20,0,20.62759062688203,"{0: 19, 1: 1, 2: 0, 3: 0, 4: 0}",0
240,False,"{'a': 0.75, 'e': 0.08962861870232462}",25,8,2.7730320214569755,"{0: 15, 1: 0, 2: 2, 3: 0, 4: 0}",1
241,False,"{'a': 0.75, 'e': 0.08873233251530138}",20,16,7.524747708648288,"{0: 4, 1: 0, 2: 0, 3: 0, 4: 0}",1
242,False,"{'a': 0.75, 'e': 0.08784500919014836}",20,0,-9.972870576589344,"{0: 19, 1: 0, 2: 0, 3: 0, 4: 1}",0
243,False,"{'a': 0.75, 'e': 0.08696655909824688}",25,8,30.872213854383553,"{0: 17, 1: 0, 2: 0, 3: 0, 4: 0}",1
244,False,"{'a': 0.75, 'e': 0.0860968935072644}",30,13,33.118678649882995,"{0: 17, 1: 0, 2: 0, 3: 0, 4: 0}",1
245,False,"{'a': 0.75, 'e': 0.08523592457219176}",20,4,-18.724207823777583,"{0: 15, 1: 0, 2: 0, 3: 0, 4: 1}",1
246,False,"{'a': 0.75, 'e': 0.08438356532646984}",25,10,26.048862525805177,"{0: 15, 1: 0, 2: 0, 3: 0, 4: 0}",1
247,False,"{'a': 0.75, 'e': 0.08353972967320515}",20,11,17.22436405700192,"{0: 9, 1: 0, 2: 0, 3: 0, 4: 0}",1
248,False,"{'a': 0.75, 'e': 0.0827043323764731}",25,12,2.4417552967567295,"{0: 12, 1: 0, 2: 0, 3: 1, 4: 0}",1
249,False,"{'a': 0.75, 'e': 0.08187728905270836}",30,18,14.108409766934301,"{0: 11, 1: 1, 2: 0, 3: 0, 4: 0}",1
250,False,"{'a': 0.75, 'e': 0.08105851616218128}",20,10,-6.613295102642664,"{0: 8, 1: 0, 2: 2, 3: 0, 4: 0}",1
251,False,"{'a': 0.75, 'e': 0.08024793100055946}",25,13,22.951471069025946,"{0: 12, 1: 0, 2: 0, 3: 0, 4: 0}",1
252,False,"{'a': 0.75, 'e': 0.07944545169055386}",20,13,15.196123351963097,"{0: 7, 1: 0, 2: 0, 3: 0, 4: 0}",1
253,False,"{'a': 0.75, 'e': 0.07865099717364833}",25,12,-17.404017501307703,"{0: 10, 1: 1, 2: 1, 3: 1, 4: 0}",1
254,False,"{'a': 0.75, 'e': 0.07786448720191184}",25,5,32.36795810584297,"{0: 20, 1: 0, 2: 0, 3: 0, 4: 0}",1
255,False,"{'a': 0.75, 'e': 0.07708584232989273}",25,5,35.08750481683189,"{0: 20, 1: 0, 2: 0, 3: 0, 4: 0}",1
256,False,"{'a': 0.75, 'e': 0.0763149839065938}",25,3,-4.701985786168001,"{0: 21, 1: 0, 2: 0, 3: 0, 4: 1}",1
257,False,"{'a': 0.75, 'e': 0.07555183406752786}",20,16,8.600917961239013,"{0: 4, 1: 0, 2: 0, 3: 0, 4: 0}",1
258,False,"{'a': 0.75, 'e': 0.07479631572685258}",25,10,11.829094602043375,"{0: 14, 1: 0, 2: 1, 3: 0, 4: 0}",1
259,False,"{'a': 0.75, 'e': 0.07404835256958406}",25,0,27.063119544330952,"{0: 24, 1: 1, 2: 0, 3: 0, 4: 0}",0
260,False,"{'a': 0.75, 'e': 0.07330786904388821}",20,0,32.74424984324471,"{0: 20, 1: 0, 2: 0, 3: 0, 4: 0}",0
261,False,"{'a': 0.75, 'e': 0.07257479035344933}",20,13,11.951287915075802,"{0: 7, 1: 0, 2: 0, 3: 0, 4: 0}",1
262,False,"{'a': 0.75, 'e': 0.07184904244991484}",25,13,13.613668331952173,"{0: 11, 1: 1, 2: 0, 3: 0, 4: 0}",1
263,False,"{'a': 0.75, 'e': 0.07113055202541568}",25,3,11.012320626446204,"{0: 20, 1: 0, 2: 2, 3: 0, 4: 0}",1
264,False,"{'a': 0.75, 'e': 0.07041924650516153}",20,0,8.040325978573359,"{0: 19, 1: 0, 2: 0, 3: 1, 4: 0}",0
265,False,"{'a': 0.75, 'e': 0.06971505404010991}",25,16,17.53128959837843,"{0: 9, 1: 0, 2: 0, 3: 0, 4: 0}",1
266,False,"{'a': 0.75, 'e': 0.06901790349970881}",20,6,26.219882698803826,"{0: 14, 1: 0, 2: 0, 3: 0, 4: 0}",1
267,False,"{'a': 0.75, 'e': 0.06832772446471172}",20,12,13.89321323110989,"{0: 8, 1: 0, 2: 0, 3: 0, 4: 0}",1
268,False,"{'a': 0.75, 'e': 0.0676444472200646}",20,3,28.334162347247588,"{0: 17, 1: 0, 2: 0, 3: 0, 4: 0}",1
269,False,"{'a': 0.75, 'e': 0.06696800274786396}",20,4,27.76868397976479,"{0: 16, 1: 0, 2: 0, 3: 0, 4: 0}",1
270,False,"{'a': 0.75, 'e': 0.06629832272038531}",20,6,4.526988721656828,"{0: 13, 1: 0, 2: 0, 3: 1, 4: 0}",1
271,False,"{'a': 0.75, 'e': 0.06563533949318147}",35,16,27.5118826032588,"{0: 18, 1: 1, 2: 0, 3: 0, 4: 0}",1
272,False,"{'a': 0.75, 'e': 0.06497898609824965}",30,4,37.72478538323831,"{0: 26, 1: 0, 2: 0, 3: 0, 4: 0}",1
273,False,"{'a': 0.75, 'e': 0.06432919623726716}",30,19,22.024600669567967,"{0: 11, 1: 0, 2: 0, 3: 0, 4: 0}",1
274,False,"{'a': 0.75, 'e': 0.06368590427489448}",20,12,18.11621437380965,"{0: 8, 1: 0, 2: 0, 3: 0, 4: 0}",1
275,False,"{'a': 0.75, 'e': 0.06304904523214554}",20,8,-1.037799320610999,"{0: 11, 1: 0, 2: 0, 3: 1, 4: 0}",1
276,False,"{'a': 0.75, 'e': 0.06241855477982408}",20,7,3.4976756410752876,"{0: 12, 1: 0, 2: 0, 3: 1, 4: 0}",1
277,False,"{'a': 0.75, 'e': 0.06179436923202584}",25,0,12.77069396985073,"{0: 24, 1: 0, 2: 0, 3: 1, 4: 0}",0
278,False,"{'a': 0.75, 'e': 0.06117642553970558}",30,13,17.946619523581216,"{0: 16, 1: 0, 2: 1, 3: 0, 4: 0}",1
279,False,"{'a': 0.75, 'e': 0.06056466128430853}",25,13,-61.79344850730482,"{0: 10, 1: 0, 2: 0, 3: 0, 4: 2}",1
280,False,"{'a': 0.75, 'e': 0.05995901467146544}",20,12,-37.42049092296542,"{0: 5, 1: 1, 2: 0, 3: 2, 4: 0}",1
281,False,"{'a': 0.75, 'e': 0.059359424524750785}",25,8,-18.6236323175607,"{0: 15, 1: 0, 2: 1, 3: 0, 4: 1}",1
282,False,"{'a': 0.75, 'e': 0.05876583027950327}",20,0,30.661611772513055,"{0: 20, 1: 0, 2: 0, 3: 0, 4: 0}",0
283,False,"{'a': 0.75, 'e': 0.05817817197670824}",20,0,-10.788039150288519,"{0: 19, 1: 0, 2: 0, 3: 0, 4: 1}",0
284,False,"{'a': 0.75, 'e': 0.05759639025694116}",20,6,-14.313019288911967,"{0: 13, 1: 0, 2: 0, 3: 0, 4: 1}",1
285,False,"{'a': 0.75, 'e': 0.057020426354371746}",30,7,38.525920247888635,"{0: 23, 1: 0, 2: 0, 3: 0, 4: 0}",1
286,False,"{'a': 0.75, 'e': 0.05645022209082803}",30,19,-31.307875146001322,"{0: 9, 1: 0, 2: 1, 3: 0, 4: 1}",1
287,False,"{'a': 0.75, 'e': 0.05588571986991975}",20,5,-23.81303022252931,"{0: 14, 1: 0, 2: 0, 3: 0, 4: 1}",1
288,False,"{'a': 0.75, 'e': 0.05532686267122055}",30,8,-14.808948753801783,"{0: 20, 1: 0, 2: 1, 3: 0, 4: 1}",1
289,False,"{'a': 0.75, 'e': 0.05477359404450834}",25,5,36.03571044078832,"{0: 20, 1: 0, 2: 0, 3: 0, 4: 0}",1
290,False,"{'a': 0.75, 'e': 0.05422585810406326}",20,12,13.253721379212443,"{0: 8, 1: 0, 2: 0, 3: 0, 4: 0}",1
291,False,"{'a': 0.75, 'e': 0.05368359952302263}",30,12,31.586573687845853,"{0: 18, 1: 0, 2: 0, 3: 0, 4: 0}",1
292,False,"{'a': 0.75, 'e': 0.0531467635277924}",20,12,14.29605513119557,"{0: 8, 1: 0, 2: 0, 3: 0, 4: 0}",1
293,False,"{'a': 0.75, 'e': 0.05261529589251448}",25,0,31.798190540138563,"{0: 25, 1: 0, 2: 0, 3: 0, 4: 0}",0
294,False,"{'a': 0.75, 'e': 0.05208914293358933}",25,13,17.028701326101217,"{0: 11, 1: 1, 2: 0, 3: 0, 4: 0}",1
295,False,"{'a': 0.75, 'e': 0.05156825150425344}",25,13,11.645077545274276,"{0: 11, 1: 1, 2: 0, 3: 0, 4: 0}",1
296,False,"{'a': 0.75, 'e': 0.0510525689892109}",20,3,-14.18640364810732,"{0: 16, 1: 0, 2: 0, 3: 0, 4: 1}",1
297,False,"{'a': 0.75, 'e': 0.050542043299318794}",25,3,31.902925790386682,"{0: 21, 1: 1, 2: 0, 3: 0, 4: 0}",1
298,False,"{'a': 0.75, 'e': 0.050036622866325604}",25,13,6.147049689069523,"{0: 11, 1: 0, 2: 1, 3: 0, 4: 0}",1
299,False,"{'a': 0.75, 'e': 0.04953625663766235}",20,9,12.507602245804753,"{0: 10, 1: 1, 2: 0, 3: 0, 4: 0}",1
300,False,"{'a': 0.75, 'e': 0.04904089407128572}",20,12,13.614062553616762,"{0: 8, 1: 0, 2: 0, 3: 0, 4: 0}",1
301,False,"{'a': 0.75, 'e': 0.04855048513057287}",30,19,19.357913146293438,"{0: 11, 1: 0, 2: 0, 3: 0, 4: 0}",1
302,False,"{'a': 0.75, 'e': 0.04806498027926714}",20,10,17.07413203785997,"{0: 10, 1: 0, 2: 0, 3: 0, 4: 0}",1
303,False,"{'a': 0.75, 'e': 0.047584330476474465}",25,13,16.518441715619506,"{0: 11, 1: 1, 2: 0, 3: 0, 4: 0}",1
304,False,"{'a': 0.75, 'e': 0.04710848717170972}",20,4,20.52273430444692,"{0: 15, 1: 1, 2: 0, 3: 0, 4: 0}",1
305,False,"{'a': 0.75, 'e': 0.04663740229999262}",20,10,16.699830622585186,"{0: 10, 1: 0, 2: 0, 3: 0, 4: 0}",1
306,False,"{'a': 0.75, 'e': 0.046171028276992696}",25,8,19.0548955566653,"{0: 16, 1: 0, 2: 1, 3: 0, 4: 0}",1
307,False,"{'a': 0.75, 'e': 0.045709317994222766}",25,15,16.706219248523674,"{0: 10, 1: 0, 2: 0, 3: 0, 4: 0}",1
308,False,"{'a': 0.75, 'e': 0.04525222481428054}",25,0,36.78022765703766,"{0: 25, 1: 0, 2: 0, 3: 0, 4: 0}",0
309,False,"{'a': 0.75, 'e': 0.04479970256613774}",30,12,36.68451403339759,"{0: 18, 1: 0, 2: 0, 3: 0, 4: 0}",1
310,False,"{'a': 0.75, 'e': 0.044351705540476356}",30,0,-10.145973671187267,"{0: 28, 1: 0, 2: 1, 3: 0, 4: 1}",0
311,False,"{'a': 0.75, 'e': 0.043908188485071595}",20,10,18.620772225565275,"{0: 10, 1: 0, 2: 0, 3: 0, 4: 0}",1
312,False,"{'a': 0.75, 'e': 0.04346910660022088}",35,17,30.057258428885625,"{0: 18, 1: 0, 2: 0, 3: 0, 4: 0}",1
313,False,"{'a': 0.75, 'e': 0.04303441553421867}",25,1,12.228810382496388,"{0: 23, 1: 0, 2: 0, 3: 1, 4: 0}",1
314,False,"{'a': 0.75, 'e': 0.04260407137887648}",25,3,38.751469897329244,"{0: 22, 1: 0, 2: 0, 3: 0, 4: 0}",1
315,False,"{'a': 0.75, 'e': 0.04217803066508771}",20,13,0.9361501582162419,"{0: 6, 1: 0, 2: 1, 3: 0, 4: 0}",1
316,False,"{'a': 0.75, 'e': 0.04175625035843684}",30,10,20.178157755406602,"{0: 18, 1: 1, 2: 1, 3: 0, 4: 0}",1
317,False,"{'a': 0.75, 'e': 0.041338687854852466}",25,10,16.54892251288859,"{0: 14, 1: 0, 2: 1, 3: 0, 4: 0}",1
318,False,"{'a': 0.75, 'e': 0.040925300976303945}",30,20,17.370365603531646,"{0: 10, 1: 0, 2: 0, 3: 0, 4: 0}",1
319,False,"{'a': 0.75, 'e': 0.0405160479665409}",25,14,16.450051188520703,"{0: 11, 1: 0, 2: 0, 3: 0, 4: 0}",1
320,False,"{'a': 0.75, 'e': 0.040110887486875496}",30,21,18.43153365559731,"{0: 9, 1: 0, 2: 0, 3: 0, 4: 0}",1
321,False,"{'a': 0.75, 'e': 0.03970977861200674}",25,14,12.993018085934402,"{0: 10, 1: 0, 2: 1, 3: 0, 4: 0}",1
322,False,"{'a': 0.75, 'e': 0.039312680825886674}",20,16,8.417340042826222,"{0: 4, 1: 0, 2: 0, 3: 0, 4: 0}",1
323,False,"{'a': 0.75, 'e': 0.038919554017627804}",20,1,25.285077764034043,"{0: 19, 1: 0, 2: 0, 3: 0, 4: 0}",1
324,False,"{'a': 0.75, 'e': 0.03853035847745152}",25,20,5.6746837797354255,"{0: 5, 1: 0, 2: 0, 3: 0, 4: 0}",1
325,False,"{'a': 0.75, 'e': 0.03814505489267701}",20,3,15.692085710839574,"{0: 16, 1: 0, 2: 1, 3: 0, 4: 0}",1
326,False,"{'a': 0.75, 'e': 0.03776360434375024}",20,10,15.188965233393457,"{0: 10, 1: 0, 2: 0, 3: 0, 4: 0}",1
327,False,"{'a': 0.75, 'e': 0.03738596830031274}",25,8,28.209389669162604,"{0: 17, 1: 0, 2: 0, 3: 0, 4: 0}",1
328,False,"{'a': 0.75, 'e': 0.03701210861730961}",35,18,16.948856783333223,"{0: 16, 1: 0, 2: 1, 3: 0, 4: 0}",1
329,False,"{'a': 0.75, 'e': 0.03664198753113651}",20,0,34.384531084413126,"{0: 20, 1: 0, 2: 0, 3: 0, 4: 0}",1
330,False,"{'a': 0.75, 'e': 0.036275567655825146}",20,10,18.76389760884645,"{0: 10, 1: 0, 2: 0, 3: 0, 4: 0}",1
331,False,"{'a': 0.75, 'e': 0.03591281197926689}",20,1,24.08635876010011,"{0: 19, 1: 0, 2: 0, 3: 0, 4: 0}",1
332,False,"{'a': 0.75, 'e': 0.03555368385947423}",25,0,23.143741093184925,"{0: 24, 1: 0, 2: 1, 3: 0, 4: 0}",0
333,False,"{'a': 0.75, 'e': 0.035198147020879485}",30,15,2.2855017762097587,"{0: 14, 1: 0, 2: 0, 3: 1, 4: 0}",1
334,False,"{'a': 0.75, 'e': 0.03484616555067069}",20,14,11.656322677688191,"{0: 6, 1: 0, 2: 0, 3: 0, 4: 0}",1
335,False,"{'a': 0.75, 'e': 0.03449770389516398}",30,14,31.3104828047766,"{0: 16, 1: 0, 2: 0, 3: 0, 4: 0}",1
336,False,"{'a': 0.75, 'e': 0.03415272685621234}",25,1,36.35098825649426,"{0: 24, 1: 0, 2: 0, 3: 0, 4: 0}",1
337,False,"{'a': 0.75, 'e': 0.03381119958765022}",20,8,-0.5089375295143252,"{0: 11, 1: 0, 2: 0, 3: 1, 4: 0}",1
338,False,"{'a': 0.75, 'e': 0.03347308759177372}",20,10,10.612010876503188,"{0: 9, 1: 1, 2: 0, 3: 0, 4: 0}",1
339,False,"{'a': 0.75, 'e': 0.03313835671585598}",25,10,23.05130251688948,"{0: 15, 1: 0, 2: 0, 3: 0, 4: 0}",1
340,False,"{'a': 0.75, 'e': 0.03280697314869742}",25,14,20.31435089783956,"{0: 11, 1: 0, 2: 0, 3: 0, 4: 0}",1
341,False,"{'a': 0.75, 'e': 0.03247890341721044}",30,11,34.411521466540485,"{0: 19, 1: 0, 2: 0, 3: 0, 4: 0}",1
342,False,"{'a': 0.75, 'e': 0.03215411438303834}",30,12,-38.79803893490645,"{0: 14, 1: 1, 2: 2, 3: 0, 4: 1}",1
343,False,"{'a': 0.75, 'e': 0.031832573239207955}",25,2,32.76070845274272,"{0: 23, 1: 0, 2: 0, 3: 0, 4: 0}",1
344,False,"{'a': 0.75, 'e': 0.031514247506815876}",30,12,3.576574664542005,"{0: 15, 1: 2, 2: 1, 3: 0, 4: 0}",1
345,False,"{'a': 0.75, 'e': 0.031199105031747717}",20,0,-11.232938936538268,"{0: 19, 1: 0, 2: 0, 3: 0, 4: 1}",0
346,False,"{'a': 0.75, 'e': 0.03088711398143024}",20,7,21.201953316896347,"{0: 13, 1: 0, 2: 0, 3: 0, 4: 0}",1
347,False,"{'a': 0.75, 'e': 0.030578242841615935}",25,7,31.740939022394254,"{0: 18, 1: 0, 2: 0, 3: 0, 4: 0}",1
348,False,"{'a': 0.75, 'e': 0.030272460413199778}",20,0,34.884247013776694,"{0: 20, 1: 0, 2: 0, 3: 0, 4: 0}",0
349,False,"{'a': 0.75, 'e': 0.02996973580906778}",30,16,-18.050338341111,"{0: 13, 1: 0, 2: 0, 3: 0, 4: 1}",1
350,False,"{'a': 0.75, 'e': 0.0296700384509771}",30,16,21.927819690797154,"{0: 14, 1: 0, 2: 0, 3: 0, 4: 0}",1
351,False,"{'a': 0.75, 'e': 0.02937333806646733}",20,8,17.66649093444451,"{0: 12, 1: 0, 2: 0, 3: 0, 4: 0}",1
352,False,"{'a': 0.75, 'e': 0.029079604685802656}",25,17,16.294043703083545,"{0: 8, 1: 0, 2: 0, 3: 0, 4: 0}",1
353,False,"{'a': 0.75, 'e': 0.02878880863894463}",25,6,20.67471495348921,"{0: 18, 1: 0, 2: 1, 3: 0, 4: 0}",1
354,False,"{'a': 0.75, 'e': 0.02850092055255518}",25,2,37.176841447456724,"{0: 23, 1: 0, 2: 0, 3: 0, 4: 0}",1
355,False,"{'a': 0.75, 'e': 0.02821591134702963}",20,14,10.19215089312917,"{0: 6, 1: 0, 2: 0, 3: 0, 4: 0}",1
356,False,"{'a': 0.75, 'e': 0.027933752233559334}",25,0,29.687215262073213,"{0: 24, 1: 0, 2: 1, 3: 0, 4: 0}",0
357,False,"{'a': 0.75, 'e': 0.027654414711223742}",30,13,31.085021837375365,"{0: 17, 1: 0, 2: 0, 3: 0, 4: 0}",1
358,False,"{'a': 0.75, 'e': 0.027377870564111503}",20,15,8.102648547110856,"{0: 5, 1: 0, 2: 0, 3: 0, 4: 0}",1
359,False,"{'a': 0.75, 'e': 0.027104091858470385}",20,16,6.274058469311314,"{0: 4, 1: 0, 2: 0, 3: 0, 4: 0}",1
360,False,"{'a': 0.75, 'e': 0.026833050939885684}",20,6,19.187914321264685,"{0: 14, 1: 0, 2: 0, 3: 0, 4: 0}",1
361,False,"{'a': 0.75, 'e': 0.026564720430486827}",20,13,13.793659503552878,"{0: 7, 1: 0, 2: 0, 3: 0, 4: 0}",1
362,False,"{'a': 0.75, 'e': 0.026299073226181958}",20,14,10.146264110417292,"{0: 6, 1: 0, 2: 0, 3: 0, 4: 0}",1
363,False,"{'a': 0.75, 'e': 0.026036082493920136}",30,12,24.99648701366568,"{0: 17, 1: 1, 2: 0, 3: 0, 4: 0}",1
364,False,"{'a': 0.75, 'e': 0.025775721668980935}",25,17,-26.573846034343358,"{0: 7, 1: 0, 2: 0, 3: 0, 4: 1}",1
365,False,"{'a': 0.75, 'e': 0.025517964452291125}",20,9,-21.768333155563713,"{0: 10, 1: 0, 2: 0, 3: 0, 4: 1}",1
366,False,"{'a': 0.75, 'e': 0.025262784807768213}",20,14,10.605376539341737,"{0: 6, 1: 0, 2: 0, 3: 0, 4: 0}",1
367,False,"{'a': 0.75, 'e': 0.025010156959690534}",20,9,19.89838531779506,"{0: 11, 1: 0, 2: 0, 3: 0, 4: 0}",1
368,False,"{'a': 0.75, 'e': 0.024760055390093627}",20,9,-5.8623240266905325,"{0: 9, 1: 1, 2: 0, 3: 1, 4: 0}",1
369,False,"{'a': 0.75, 'e': 0.02451245483619269}",20,0,23.17908769200313,"{0: 20, 1: 0, 2: 0, 3: 0, 4: 0}",0
370,False,"{'a': 0.75, 'e': 0.024267330287830763}",20,8,25.241696478348036,"{0: 12, 1: 0, 2: 0, 3: 0, 4: 0}",1
371,False,"{'a': 0.75, 'e': 0.024024656984952455}",20,8,17.957571357041697,"{0: 12, 1: 0, 2: 0, 3: 0, 4: 0}",1
372,False,"{'a': 0.75, 'e': 0.02378441041510293}",20,16,6.56484680646979,"{0: 4, 1: 0, 2: 0, 3: 0, 4: 0}",1
373,False,"{'a': 0.75, 'e': 0.0235465663109519}",30,18,23.472801690969998,"{0: 12, 1: 0, 2: 0, 3: 0, 4: 0}",1
374,False,"{'a': 0.75, 'e': 0.02331110064784238}",35,12,33.66084261678585,"{0: 22, 1: 1, 2: 0, 3: 0, 4: 0}",1
375,False,"{'a': 0.75, 'e': 0.02307798964136396}",20,12,-5.535012610769715,"{0: 7, 1: 0, 2: 0, 3: 1, 4: 0}",1
376,False,"{'a': 0.75, 'e': 0.022847209744950317}",25,3,27.65012770208161,"{0: 21, 1: 1, 2: 0, 3: 0, 4: 0}",1
377,False,"{'a': 0.75, 'e': 0.022618737647500817}",25,10,14.493735750845723,"{0: 14, 1: 0, 2: 1, 3: 0, 4: 0}",1
378,False,"{'a': 0.75, 'e': 0.022392550271025807}",30,18,20.270833665523426,"{0: 12, 1: 0, 2: 0, 3: 0, 4: 0}",1
379,False,"{'a': 0.75, 'e': 0.022168624768315548}",20,5,-4.406873800129766,"{0: 13, 1: 1, 2: 0, 3: 1, 4: 0}",1
380,False,"{'a': 0.75, 'e': 0.021946938520632394}",25,0,38.09960132015778,"{0: 25, 1: 0, 2: 0, 3: 0, 4: 0}",0
381,False,"{'a': 0.75, 'e': 0.02172746913542607}",20,11,-38.85662093957419,"{0: 7, 1: 0, 2: 1, 3: 0, 4: 1}",1
382,False,"{'a': 0.75, 'e': 0.021510194444071807}",20,11,18.228165967478393,"{0: 9, 1: 0, 2: 0, 3: 0, 4: 0}",1
383,False,"{'a': 0.75, 'e': 0.021295092499631088}",30,9,36.297353562058944,"{0: 21, 1: 0, 2: 0, 3: 0, 4: 0}",1
384,False,"{'a': 0.75, 'e': 0.02108214157463478}",20,9,17.897304277518757,"{0: 11, 1: 0, 2: 0, 3: 0, 4: 0}",1
385,False,"{'a': 0.75, 'e': 0.02087132015888843}",30,15,15.447282021594646,"{0: 14, 1: 0, 2: 1, 3: 0, 4: 0}",1
386,False,"{'a': 0.75, 'e': 0.020662606957299545}",25,13,20.270428855675917,"{0: 12, 1: 0, 2: 0, 3: 0, 4: 0}",1
387,False,"{'a': 0.75, 'e': 0.02045598088772655}",35,21,22.97910067477947,"{0: 14, 1: 0, 2: 0, 3: 0, 4: 0}",1
388,False,"{'a': 0.75, 'e': 0.020251421078849283}",30,15,16.014248300689438,"{0: 14, 1: 0, 2: 1, 3: 0, 4: 0}",1
389,False,"{'a': 0.75, 'e': 0.02004890686806079}",35,17,35.91140016192736,"{0: 18, 1: 0, 2: 0, 3: 0, 4: 0}",1
390,False,"{'a': 0.75, 'e': 0.019848417799380184}",20,13,10.14276853141719,"{0: 7, 1: 0, 2: 0, 3: 0, 4: 0}",1
391,False,"{'a': 0.75, 'e': 0.01964993362138638}",20,10,17.83707877634283,"{0: 10, 1: 0, 2: 0, 3: 0, 4: 0}",1
392,False,"{'a': 0.75, 'e': 0.019453434285172516}",35,12,37.71420035181152,"{0: 23, 1: 0, 2: 0, 3: 0, 4: 0}",1
393,False,"{'a': 0.75, 'e': 0.01925889994232079}",20,4,12.427839856321306,"{0: 15, 1: 0, 2: 1, 3: 0, 4: 0}",1
394,False,"{'a': 0.75, 'e': 0.019066310942897586}",20,8,11.366670638351938,"{0: 11, 1: 0, 2: 1, 3: 0, 4: 0}",1
395,False,"{'a': 0.75, 'e': 0.01887564783346861}",30,8,42.12267209720498,"{0: 22, 1: 0, 2: 0, 3: 0, 4: 0}",1
396,False,"{'a': 0.75, 'e': 0.018686891355133923}",20,16,7.881329523025454,"{0: 4, 1: 0, 2: 0, 3: 0, 4: 0}",1
397,False,"{'a': 0.75, 'e': 0.01850002244158258}",25,16,15.709609458234546,"{0: 9, 1: 0, 2: 0, 3: 0, 4: 0}",1
398,False,"{'a': 0.75, 'e': 0.018315022217166757}",25,0,39.51210087061982,"{0: 25, 1: 0, 2: 0, 3: 0, 4: 0}",0
399,False,"{'a': 0.75, 'e': 0.018131871994995087}",25,8,31.165795323769817,"{0: 17, 1: 0, 2: 0, 3: 0, 4: 0}",1
400,False,"{'a': 0.75, 'e': 0.017950553275045137}",25,7,18.416830549589093,"{0: 17, 1: 0, 2: 1, 3: 0, 4: 0}",1
401,False,"{'a': 0.75, 'e': 0.017771047742294686}",20,0,-11.265493995861265,"{0: 19, 1: 0, 2: 0, 3: 0, 4: 1}",0
402,False,"{'a': 0.75, 'e': 0.01759333726487174}",20,11,17.76369734359914,"{0: 9, 1: 0, 2: 0, 3: 0, 4: 0}",1
403,False,"{'a': 0.75, 'e': 0.017417403892223023}",20,7,26.592697354553163,"{0: 13, 1: 0, 2: 0, 3: 0, 4: 0}",1
404,False,"{'a': 0.75, 'e': 0.01724322985330079}",25,15,17.358750708172757,"{0: 10, 1: 0, 2: 0, 3: 0, 4: 0}",1
405,False,"{'a': 0.75, 'e': 0.017070797554767782}",25,12,22.675359489377257,"{0: 13, 1: 0, 2: 0, 3: 0, 4: 0}",1
406,False,"{'a': 0.75, 'e': 0.016900089579220106}",25,2,36.785115222782665,"{0: 23, 1: 0, 2: 0, 3: 0, 4: 0}",1
407,False,"{'a': 0.75, 'e': 0.016731088683427903}",20,8,21.04096710114578,"{0: 12, 1: 0, 2: 0, 3: 0, 4: 0}",1
408,False,"{'a': 0.75, 'e': 0.016563777796593626}",25,18,12.86669401591693,"{0: 7, 1: 0, 2: 0, 3: 0, 4: 0}",1
409,False,"{'a': 0.75, 'e': 0.016398140018627688}",30,0,33.53081288403835,"{0: 29, 1: 1, 2: 0, 3: 0, 4: 0}",0
410,False,"{'a': 0.75, 'e': 0.01623415861844141}",20,2,28.861214678048007,"{0: 18, 1: 0, 2: 0, 3: 0, 4: 0}",1
411,False,"{'a': 0.75, 'e': 0.016071817032256998}",25,13,21.18198597099525,"{0: 12, 1: 0, 2: 0, 3: 0, 4: 0}",1
412,False,"{'a': 0.75, 'e': 0.015911098861934425}",25,6,31.988217886846385,"{0: 19, 1: 0, 2: 0, 3: 0, 4: 0}",1
413,False,"{'a': 0.75, 'e': 0.015751987873315082}",20,6,28.082014045020678,"{0: 14, 1: 0, 2: 0, 3: 0, 4: 0}",1
414,False,"{'a': 0.75, 'e': 0.015594467994581931}",20,0,37.99130256220404,"{0: 20, 1: 0, 2: 0, 3: 0, 4: 0}",0
415,False,"{'a': 0.75, 'e': 0.015438523314636111}",30,14,25.664411098860977,"{0: 16, 1: 0, 2: 0, 3: 0, 4: 0}",1
416,False,"{'a': 0.75, 'e': 0.01528413808148975}",30,13,22.553735094208832,"{0: 16, 1: 1, 2: 0, 3: 0, 4: 0}",1
417,False,"{'a': 0.75, 'e': 0.015131296700674854}",25,8,25.43540958705159,"{0: 17, 1: 0, 2: 0, 3: 0, 4: 0}",1
418,False,"{'a': 0.75, 'e': 0.014979983733668104}",30,12,23.521166217845426,"{0: 17, 1: 0, 2: 1, 3: 0, 4: 0}",1
419,False,"{'a': 0.75, 'e': 0.014830183896331423}",35,8,47.331630845166565,"{0: 27, 1: 0, 2: 0, 3: 0, 4: 0}",1
420,False,"{'a': 0.75, 'e': 0.014681882057368109}",25,13,24.820102472877913,"{0: 12, 1: 0, 2: 0, 3: 0, 4: 0}",1
421,False,"{'a': 0.75, 'e': 0.014535063236794427}",20,6,-16.030002443636555,"{0: 13, 1: 0, 2: 0, 3: 0, 4: 1}",1
422,False,"{'a': 0.75, 'e': 0.014389712604426484}",35,0,45.130420644222404,"{0: 35, 1: 0, 2: 0, 3: 0, 4: 0}",0
423,False,"{'a': 0.75, 'e': 0.014245815478382218}",25,14,19.233837906167555,"{0: 11, 1: 0, 2: 0, 3: 0, 4: 0}",1
424,False,"{'a': 0.75, 'e': 0.014103357323598397}",25,11,21.625843249051105,"{0: 14, 1: 0, 2: 0, 3: 0, 4: 0}",1
425,False,"{'a': 0.75, 'e': 0.013962323750362412}",25,7,32.324763766558206,"{0: 18, 1: 0, 2: 0, 3: 0, 4: 0}",1
426,False,"{'a': 0.75, 'e': 0.013822700512858787}",30,14,22.16610219691529,"{0: 16, 1: 0, 2: 0, 3: 0, 4: 0}",1
427,False,"{'a': 0.75, 'e': 0.013684473507730199}",30,15,25.135113887739134,"{0: 15, 1: 0, 2: 0, 3: 0, 4: 0}",1
428,False,"{'a': 0.75, 'e': 0.013547628772652897}",30,11,35.33676060084695,"{0: 19, 1: 0, 2: 0, 3: 0, 4: 0}",1
429,False,"{'a': 0.75, 'e': 0.013412152484926368}",30,21,14.244688966197135,"{0: 9, 1: 0, 2: 0, 3: 0, 4: 0}",1
430,False,"{'a': 0.75, 'e': 0.013278030960077104}",25,13,19.63659417450121,"{0: 12, 1: 0, 2: 0, 3: 0, 4: 0}",1
431,False,"{'a': 0.75, 'e': 0.013145250650476333}",20,16,7.487087962651141,"{0: 4, 1: 0, 2: 0, 3: 0, 4: 0}",1
432,False,"{'a': 0.75, 'e': 0.01301379814397157}",25,16,11.90758813881261,"{0: 9, 1: 0, 2: 0, 3: 0, 4: 0}",1
433,False,"{'a': 0.75, 'e': 0.012883660162531854}",30,18,22.364043375574024,"{0: 12, 1: 0, 2: 0, 3: 0, 4: 0}",1
434,False,"{'a': 0.75, 'e': 0.012754823560906535}",20,10,10.587232791610678,"{0: 9, 1: 1, 2: 0, 3: 0, 4: 0}",1
435,False,"{'a': 0.75, 'e': 0.01262727532529747}",20,13,11.27453581510727,"{0: 7, 1: 0, 2: 0, 3: 0, 4: 0}",1
436,False,"{'a': 0.75, 'e': 0.012501002572044496}",20,0,27.57133444140301,"{0: 20, 1: 0, 2: 0, 3: 0, 4: 0}",0
437,False,"{'a': 0.75, 'e': 0.01237599254632405}",25,13,9.66657855068938,"{0: 11, 1: 0, 2: 1, 3: 0, 4: 0}",1
438,False,"{'a': 0.75, 'e': 0.012252232620860809}",25,3,35.0340895296245,"{0: 22, 1: 0, 2: 0, 3: 0, 4: 0}",1
439,False,"{'a': 0.75, 'e': 0.012129710294652202}",20,16,6.425364323841961,"{0: 4, 1: 0, 2: 0, 3: 0, 4: 0}",1
440,False,"{'a': 0.75, 'e': 0.01200841319170568}",20,14,12.557758698819008,"{0: 6, 1: 0, 2: 0, 3: 0, 4: 0}",1
441,False,"{'a': 0.75, 'e': 0.011888329059788622}",20,15,9.26573394424385,"{0: 5, 1: 0, 2: 0, 3: 0, 4: 0}",1
442,False,"{'a': 0.75, 'e': 0.011769445769190737}",25,0,37.06772334975085,"{0: 25, 1: 0, 2: 0, 3: 0, 4: 0}",1
443,False,"{'a': 0.75, 'e': 0.011651751311498829}",20,12,13.995637428674431,"{0: 8, 1: 0, 2: 0, 3: 0, 4: 0}",1
444,False,"{'a': 0.75, 'e': 0.01153523379838384}",20,2,6.326071368283387,"{0: 17, 1: 0, 2: 0, 3: 1, 4: 0}",1
445,False,"{'a': 0.75, 'e': 0.011419881460400001}",20,9,21.107855668959306,"{0: 11, 1: 0, 2: 0, 3: 0, 4: 0}",1
446,False,"{'a': 0.75, 'e': 0.011305682645796001}",25,7,8.572869899224303,"{0: 17, 1: 0, 2: 0, 3: 1, 4: 0}",1
447,False,"{'a': 0.75, 'e': 0.011192625819338041}",25,0,-3.068215704532836,"{0: 24, 1: 0, 2: 0, 3: 0, 4: 1}",0
448,False,"{'a': 0.75, 'e': 0.011080699561144661}",25,3,-10.991355552231315,"{0: 21, 1: 0, 2: 0, 3: 0, 4: 1}",1
449,False,"{'a': 0.75, 'e': 0.010969892565533214}",25,3,38.20349228463231,"{0: 22, 1: 0, 2: 0, 3: 0, 4: 0}",1
450,False,"{'a': 0.75, 'e': 0.010860193639877882}",25,0,37.87987496995555,"{0: 25, 1: 0, 2: 0, 3: 0, 4: 0}",0
451,False,"{'a': 0.75, 'e': 0.010751591703479103}",25,2,37.13019981362088,"{0: 23, 1: 0, 2: 0, 3: 0, 4: 0}",1
452,False,"{'a': 0.75, 'e': 0.010644075786444312}",20,12,15.720398253973547,"{0: 8, 1: 0, 2: 0, 3: 0, 4: 0}",1
453,False,"{'a': 0.75, 'e': 0.01053763502857987}",25,17,16.786630806596758,"{0: 8, 1: 0, 2: 0, 3: 0, 4: 0}",1
454,False,"{'a': 0.75, 'e': 0.01043225867829407}",30,10,35.34631591748553,"{0: 20, 1: 0, 2: 0, 3: 0, 4: 0}",1
455,False,"{'a': 0.75, 'e': 0.01032793609151113}",35,20,26.153927972096948,"{0: 15, 1: 0, 2: 0, 3: 0, 4: 0}",1
456,False,"{'a': 0.75, 'e': 0.010224656730596018}",25,7,34.27829422121955,"{0: 18, 1: 0, 2: 0, 3: 0, 4: 0}",1
457,False,"{'a': 0.75, 'e': 0.010122410163290057}",25,9,30.57797161772951,"{0: 16, 1: 0, 2: 0, 3: 0, 4: 0}",1
458,False,"{'a': 0.75, 'e': 0.010021186061657156}",30,16,30.45999720937246,"{0: 14, 1: 0, 2: 0, 3: 0, 4: 0}",1
459,False,"{'a': 0.75, 'e': 0.009920974201040586}",20,11,17.878736937609734,"{0: 9, 1: 0, 2: 0, 3: 0, 4: 0}",1
460,False,"{'a': 0.75, 'e': 0.009821764459030179}",20,2,24.869091365770544,"{0: 18, 1: 0, 2: 0, 3: 0, 4: 0}",1
461,False,"{'a': 0.75, 'e': 0.009723546814439878}",25,13,17.959335915621228,"{0: 12, 1: 0, 2: 0, 3: 0, 4: 0}",1
462,False,"{'a': 0.75, 'e': 0.009626311346295479}",30,13,33.73018703284158,"{0: 17, 1: 0, 2: 0, 3: 0, 4: 0}",1
463,False,"{'a': 0.75, 'e': 0.009530048232832523}",20,0,27.875997974738002,"{0: 20, 1: 0, 2: 0, 3: 0, 4: 0}",0
464,False,"{'a': 0.75, 'e': 0.009434747750504199}",30,16,27.611976976718985,"{0: 14, 1: 0, 2: 0, 3: 0, 4: 0}",1
465,False,"{'a': 0.75, 'e': 0.009340400272999157}",20,12,13.260903696145993,"{0: 8, 1: 0, 2: 0, 3: 0, 4: 0}",1
466,False,"{'a': 0.75, 'e': 0.009246996270269165}",20,12,15.820315553012325,"{0: 8, 1: 0, 2: 0, 3: 0, 4: 0}",1
467,False,"{'a': 0.75, 'e': 0.009154526307566474}",20,7,23.512659003788126,"{0: 13, 1: 0, 2: 0, 3: 0, 4: 0}",1
468,False,"{'a': 0.75, 'e': 0.009062981044490808}",20,13,11.673805704352741,"{0: 7, 1: 0, 2: 0, 3: 0, 4: 0}",1
469,False,"{'a': 0.75, 'e': 0.0089723512340459}",20,0,26.482083212294622,"{0: 20, 1: 0, 2: 0, 3: 0, 4: 0}",0
470,False,"{'a': 0.75, 'e': 0.00888262772170544}",20,0,30.22001135633952,"{0: 20, 1: 0, 2: 0, 3: 0, 4: 0}",0
471,False,"{'a': 0.75, 'e': 0.008793801444488386}",30,4,46.667244523831705,"{0: 26, 1: 0, 2: 0, 3: 0, 4: 0}",1
472,False,"{'a': 0.75, 'e': 0.008705863430043502}",20,2,32.7677141860029,"{0: 18, 1: 0, 2: 0, 3: 0, 4: 0}",1
473,False,"{'a': 0.75, 'e': 0.008618804795743068}",30,24,10.747639323458323,"{0: 6, 1: 0, 2: 0, 3: 0, 4: 0}",1
474,False,"{'a': 0.75, 'e': 0.008532616747785637}",20,12,13.12151915554048,"{0: 8, 1: 0, 2: 0, 3: 0, 4: 0}",1
475,False,"{'a': 0.75, 'e': 0.00844729058030778}",30,17,24.861696606684518,"{0: 13, 1: 0, 2: 0, 3: 0, 4: 0}",1
476,False,"{'a': 0.75, 'e': 0.008362817674504702}",25,15,16.541494994986426,"{0: 10, 1: 0, 2: 0, 3: 0, 4: 0}",1
477,False,"{'a': 0.75, 'e': 0.008279189497759656}",20,8,20.469942865672323,"{0: 12, 1: 0, 2: 0, 3: 0, 4: 0}",1
478,False,"{'a': 0.75, 'e': 0.008196397602782058}",20,7,24.633211805935254,"{0: 13, 1: 0, 2: 0, 3: 0, 4: 0}",1
479,False,"{'a': 0.75, 'e': 0.008114433626754238}",20,11,16.088117446761235,"{0: 9, 1: 0, 2: 0, 3: 0, 4: 0}",1
480,False,"{'a': 0.75, 'e': 0.008033289290486696}",25,3,38.94165662218145,"{0: 22, 1: 0, 2: 0, 3: 0, 4: 0}",1
481,False,"{'a': 0.75, 'e': 0.00795295639758183}",25,11,23.403526200670008,"{0: 14, 1: 0, 2: 0, 3: 0, 4: 0}",1
482,False,"{'a': 0.75, 'e': 0.00787342683360601}",20,11,16.24212690091023,"{0: 9, 1: 0, 2: 0, 3: 0, 4: 0}",1
483,False,"{'a': 0.75, 'e': 0.0077946925652699495}",30,18,23.94161992129946,"{0: 12, 1: 0, 2: 0, 3: 0, 4: 0}",1
484,False,"{'a': 0.75, 'e': 0.00771674563961725}",20,2,19.820782290081755,"{0: 17, 1: 0, 2: 1, 3: 0, 4: 0}",1
485,False,"{'a': 0.75, 'e': 0.007639578183221077}",25,19,11.756318830195436,"{0: 6, 1: 0, 2: 0, 3: 0, 4: 0}",1
486,False,"{'a': 0.75, 'e': 0.0075631824013888665}",25,20,10.514029558422347,"{0: 5, 1: 0, 2: 0, 3: 0, 4: 0}",1
487,False,"{'a': 0.75, 'e': 0.0074875505773749785}",20,15,7.808330909811977,"{0: 5, 1: 0, 2: 0, 3: 0, 4: 0}",1
488,False,"{'a': 0.75, 'e': 0.007412675071601228}",25,10,26.990454843908356,"{0: 15, 1: 0, 2: 0, 3: 0, 4: 0}",1
489,False,"{'a': 0.75, 'e': 0.007338548320885216}",25,18,13.246964144469723,"{0: 7, 1: 0, 2: 0, 3: 0, 4: 0}",1
490,False,"{'a': 0.75, 'e': 0.0072651628376763635}",35,20,27.49936948054268,"{0: 15, 1: 0, 2: 0, 3: 0, 4: 0}",1
491,False,"{'a': 0.75, 'e': 0.0071925112092996}",20,16,7.703715673998949,"{0: 4, 1: 0, 2: 0, 3: 0, 4: 0}",1
492,False,"{'a': 0.75, 'e': 0.007120586097206604}",30,18,24.84540716085424,"{0: 12, 1: 0, 2: 0, 3: 0, 4: 0}",1
493,False,"{'a': 0.75, 'e': 0.007049380236234538}",25,0,34.26626770790328,"{0: 25, 1: 0, 2: 0, 3: 0, 4: 0}",0
494,False,"{'a': 0.75, 'e': 0.006978886433872193}",30,15,28.43601670022144,"{0: 15, 1: 0, 2: 0, 3: 0, 4: 0}",1
495,False,"{'a': 0.75, 'e': 0.00690909756953347}",20,5,22.2139889072238,"{0: 15, 1: 0, 2: 0, 3: 0, 4: 0}",1
496,False,"{'a': 0.75, 'e': 0.006840006593838136}",25,20,11.159563500891618,"{0: 5, 1: 0, 2: 0, 3: 0, 4: 0}",1
497,False,"{'a': 0.75, 'e': 0.006771606527899755}",20,15,10.752533675554858,"{0: 5, 1: 0, 2: 0, 3: 0, 4: 0}",1
498,False,"{'a': 0.75, 'e': 0.0067038904626207565}",20,4,21.64524682986712,"{0: 16, 1: 0, 2: 0, 3: 0, 4: 0}",1
499,False,"{'a': 0.75, 'e': 0.006636851557994549}",25,19,11.514496643745906,"{0: 6, 1: 0, 2: 0, 3: 0, 4: 0}",1
500,False,"{'a': 0.75, 'e': 0.006570483042414603}",20,0,19.252522278115592,"{0: 19, 1: 0, 2: 1, 3: 0, 4: 0}",0
501,False,"{'a': 0.75, 'e': 0.006504778211990457}",25,3,39.85955902768593,"{0: 22, 1: 0, 2: 0, 3: 0, 4: 0}",1
502,False,"{'a': 0.75, 'e': 0.006439730429870553}",20,16,8.985960900178563,"{0: 4, 1: 0, 2: 0, 3: 0, 4: 0}",1
503,False,"{'a': 0.75, 'e': 0.006375333125571847}",20,0,33.35061253074173,"{0: 20, 1: 0, 2: 0, 3: 0, 4: 0}",1
504,False,"{'a': 0.75, 'e': 0.006311579794316129}",20,13,15.046740536296568,"{0: 7, 1: 0, 2: 0, 3: 0, 4: 0}",1
505,False,"{'a': 0.75, 'e': 0.006248463996372968}",25,12,22.207492315913665,"{0: 13, 1: 0, 2: 0, 3: 0, 4: 0}",1
506,False,"{'a': 0.75, 'e': 0.0061859793564092375}",30,0,44.26961582548033,"{0: 30, 1: 0, 2: 0, 3: 0, 4: 0}",0
507,False,"{'a': 0.75, 'e': 0.006124119562845145}",25,9,28.852481286450853,"{0: 16, 1: 0, 2: 0, 3: 0, 4: 0}",1
508,False,"{'a': 0.75, 'e': 0.0060628783672166935}",20,9,19.697547326259972,"{0: 11, 1: 0, 2: 0, 3: 0, 4: 0}",1
509,False,"{'a': 0.75, 'e': 0.006002249583544526}",25,16,15.924554252904212,"{0: 9, 1: 0, 2: 0, 3: 0, 4: 0}",1
510,False,"{'a': 0.75, 'e': 0.005942227087709081}",25,1,19.11995628547531,"{0: 23, 1: 0, 2: 0, 3: 1, 4: 0}",1
511,False,"{'a': 0.75, 'e': 0.00588280481683199}",25,18,12.973461976641326,"{0: 7, 1: 0, 2: 0, 3: 0, 4: 0}",1
512,False,"{'a': 0.75, 'e': 0.005823976768663671}",30,3,1.0601428451603214,"{0: 26, 1: 0, 2: 0, 3: 0, 4: 1}",1
513,False,"{'a': 0.75, 'e': 0.0057657370009770335}",25,10,26.50801521344433,"{0: 15, 1: 0, 2: 0, 3: 0, 4: 0}",1
514,False,"{'a': 0.75, 'e': 0.005708079630967263}",20,12,15.181606620203372,"{0: 8, 1: 0, 2: 0, 3: 0, 4: 0}",1
515,False,"{'a': 0.75, 'e': 0.00565099883465759}",25,16,14.358291451771631,"{0: 9, 1: 0, 2: 0, 3: 0, 4: 0}",1
516,False,"{'a': 0.75, 'e': 0.005594488846311015}",20,15,7.784572966742931,"{0: 5, 1: 0, 2: 0, 3: 0, 4: 0}",1
517,False,"{'a': 0.75, 'e': 0.005538543957847904}",30,17,26.138869092097657,"{0: 13, 1: 0, 2: 0, 3: 0, 4: 0}",1
518,False,"{'a': 0.75, 'e': 0.005483158518269426}",25,20,9.034618170044471,"{0: 5, 1: 0, 2: 0, 3: 0, 4: 0}",1
519,False,"{'a': 0.75, 'e': 0.005428326933086731}",20,5,26.094709671588,"{0: 15, 1: 0, 2: 0, 3: 0, 4: 0}",1
520,False,"{'a': 0.75, 'e': 0.005374043663755864}",20,6,22.72103257199034,"{0: 14, 1: 0, 2: 0, 3: 0, 4: 0}",1
521,False,"{'a': 0.75, 'e': 0.005320303227118305}",30,13,27.429636123905365,"{0: 17, 1: 0, 2: 0, 3: 0, 4: 0}",1
522,False,"{'a': 0.75, 'e': 0.005267100194847122}",25,9,29.535717434753842,"{0: 16, 1: 0, 2: 0, 3: 0, 4: 0}",1
523,False,"{'a': 0.75, 'e': 0.005214429192898651}",30,21,18.163382099241872,"{0: 9, 1: 0, 2: 0, 3: 0, 4: 0}",1
524,False,"{'a': 0.75, 'e': 0.005162284900969664}",25,17,12.393564718123708,"{0: 8, 1: 0, 2: 0, 3: 0, 4: 0}",1
525,False,"{'a': 0.75, 'e': 0.005110662051959968}",30,16,24.58394374922068,"{0: 14, 1: 0, 2: 0, 3: 0, 4: 0}",1
526,False,"{'a': 0.75, 'e': 0.005059555431440368}",25,19,9.709505559383597,"{0: 6, 1: 0, 2: 0, 3: 0, 4: 0}",1
527,False,"{'a': 0.75, 'e': 0.005008959877125964}",30,19,20.87676499162535,"{0: 11, 1: 0, 2: 0, 3: 0, 4: 0}",1
528,False,"{'a': 0.75, 'e': 0.0049588702783547045}",20,8,24.751491871168074,"{0: 12, 1: 0, 2: 0, 3: 0, 4: 0}",1
529,False,"{'a': 0.75, 'e': 0.004909281575571157}",20,11,17.72442912265837,"{0: 9, 1: 0, 2: 0, 3: 0, 4: 0}",1
530,False,"{'a': 0.75, 'e': 0.0048601887598154455}",25,1,42.38560131999172,"{0: 24, 1: 0, 2: 0, 3: 0, 4: 0}",1
531,False,"{'a': 0.75, 'e': 0.004811586872217291}",20,3,21.371175337414627,"{0: 16, 1: 0, 2: 1, 3: 0, 4: 0}",1
532,False,"{'a': 0.75, 'e': 0.004763471003495118}",20,12,14.148603925449823,"{0: 8, 1: 0, 2: 0, 3: 0, 4: 0}",1
533,False,"{'a': 0.75, 'e': 0.004715836293460167}",20,15,2.4091101843986054,"{0: 4, 1: 1, 2: 0, 3: 0, 4: 0}",1
534,False,"{'a': 0.75, 'e': 0.004668677930525565}",20,2,30.695698896669473,"{0: 18, 1: 0, 2: 0, 3: 0, 4: 0}",1
535,False,"{'a': 0.75, 'e': 0.0046219911512203095}",30,19,18.575106112906088,"{0: 11, 1: 0, 2: 0, 3: 0, 4: 0}",1
536,False,"{'a': 0.75, 'e': 0.004575771239708106}",30,16,23.921075210784128,"{0: 14, 1: 0, 2: 0, 3: 0, 4: 0}",1
537,False,"{'a': 0.75, 'e': 0.004530013527311025}",20,13,-7.940393046276586,"{0: 6, 1: 0, 2: 0, 3: 1, 4: 0}",1
538,False,"{'a': 0.75, 'e': 0.004484713392037915}",25,0,36.79351023576775,"{0: 25, 1: 0, 2: 0, 3: 0, 4: 0}",0
539,False,"{'a': 0.75, 'e': 0.004439866258117536}",20,11,20.286878394668634,"{0: 9, 1: 0, 2: 0, 3: 0, 4: 0}",1
540,False,"{'a': 0.75, 'e': 0.004395467595536361}",30,22,9.70578233089693,"{0: 8, 1: 0, 2: 0, 3: 0, 4: 0}",1
541,False,"{'a': 0.75, 'e': 0.0043515129195809965}",25,8,29.56231530283809,"{0: 17, 1: 0, 2: 0, 3: 0, 4: 0}",1
542,False,"{'a': 0.75, 'e': 0.004307997790385187}",20,3,23.68391225065317,"{0: 17, 1: 0, 2: 0, 3: 0, 4: 0}",1
543,False,"{'a': 0.75, 'e': 0.004264917812481335}",20,8,18.627674041903973,"{0: 12, 1: 0, 2: 0, 3: 0, 4: 0}",1
544,False,"{'a': 0.75, 'e': 0.004222268634356522}",25,18,10.987563129061844,"{0: 7, 1: 0, 2: 0, 3: 0, 4: 0}",1
545,False,"{'a': 0.75, 'e': 0.004180045948012957}",30,18,22.81135099064479,"{0: 12, 1: 0, 2: 0, 3: 0, 4: 0}",1
546,False,"{'a': 0.75, 'e': 0.004138245488532827}",25,17,13.213731454953942,"{0: 8, 1: 0, 2: 0, 3: 0, 4: 0}",1
547,False,"{'a': 0.75, 'e': 0.004096863033647498}",20,15,9.699597351153392,"{0: 5, 1: 0, 2: 0, 3: 0, 4: 0}",1
548,False,"{'a': 0.75, 'e': 0.0040558944033110235}",25,18,13.15535794336519,"{0: 7, 1: 0, 2: 0, 3: 0, 4: 0}",1
549,False,"{'a': 0.75, 'e': 0.004015335459277913}",25,17,15.013709806099202,"{0: 8, 1: 0, 2: 0, 3: 0, 4: 0}",1
550,False,"{'a': 0.75, 'e': 0.003975182104685134}",20,8,19.072708203882488,"{0: 12, 1: 0, 2: 0, 3: 0, 4: 0}",1
551,False,"{'a': 0.75, 'e': 0.003935430283638282}",20,12,15.213064302273093,"{0: 8, 1: 0, 2: 0, 3: 0, 4: 0}",1
552,False,"{'a': 0.75, 'e': 0.0038960759808018995}",20,13,11.575040920136333,"{0: 7, 1: 0, 2: 0, 3: 0, 4: 0}",1
553,False,"{'a': 0.75, 'e': 0.0038571152209938807}",30,15,27.571937216773783,"{0: 15, 1: 0, 2: 0, 3: 0, 4: 0}",1
554,False,"{'a': 0.75, 'e': 0.0038185440687839418}",25,12,28.68413948325908,"{0: 13, 1: 0, 2: 0, 3: 0, 4: 0}",1
555,False,"{'a': 0.75, 'e': 0.003780358628096102}",25,6,33.93040105224207,"{0: 19, 1: 0, 2: 0, 3: 0, 4: 0}",1
556,False,"{'a': 0.75, 'e': 0.0037425550418151415}",20,12,13.478497514361024,"{0: 8, 1: 0, 2: 0, 3: 0, 4: 0}",1
557,False,"{'a': 0.75, 'e': 0.0037051294913969897}",20,11,16.269858612922253,"{0: 9, 1: 0, 2: 0, 3: 0, 4: 0}",1
558,False,"{'a': 0.75, 'e': 0.00366807819648302}",20,11,17.19419925126031,"{0: 9, 1: 0, 2: 0, 3: 0, 4: 0}",1
559,False,"{'a': 0.75, 'e': 0.0036313974145181895}",20,8,21.976224487046586,"{0: 12, 1: 0, 2: 0, 3: 0, 4: 0}",1
560,False,"{'a': 0.75, 'e': 0.003595083440373008}",20,16,5.624093915680819,"{0: 4, 1: 0, 2: 0, 3: 0, 4: 0}",1
561,False,"{'a': 0.75, 'e': 0.003559132605969278}",20,6,21.865246633782306,"{0: 14, 1: 0, 2: 0, 3: 0, 4: 0}",1
562,False,"{'a': 0.75, 'e': 0.003523541279909585}",30,16,22.549994036159266,"{0: 14, 1: 0, 2: 0, 3: 0, 4: 0}",1
563,False,"{'a': 0.75, 'e': 0.003488305867110489}",30,7,30.024429204962523,"{0: 22, 1: 0, 2: 1, 3: 0, 4: 0}",1
564,False,"{'a': 0.75, 'e': 0.003453422808439384}",20,14,12.280717876795887,"{0: 6, 1: 0, 2: 0, 3: 0, 4: 0}",1
565,False,"{'a': 0.75, 'e': 0.0034188885803549903}",25,10,26.806407225938063,"{0: 15, 1: 0, 2: 0, 3: 0, 4: 0}",1
566,False,"{'a': 0.75, 'e': 0.0033846996945514404}",25,18,12.57279514370911,"{0: 7, 1: 0, 2: 0, 3: 0, 4: 0}",1
567,False,"{'a': 0.75, 'e': 0.003350852697605926}",30,18,20.162894727029794,"{0: 12, 1: 0, 2: 0, 3: 0, 4: 0}",1
568,False,"{'a': 0.75, 'e': 0.0033173441706298664}",20,10,17.89751561821123,"{0: 10, 1: 0, 2: 0, 3: 0, 4: 0}",1
569,False,"{'a': 0.75, 'e': 0.0032841707289235677}",30,20,19.512099349343764,"{0: 10, 1: 0, 2: 0, 3: 0, 4: 0}",1
570,False,"{'a': 0.75, 'e': 0.003251329021634332}",20,8,22.92976209518681,"{0: 12, 1: 0, 2: 0, 3: 0, 4: 0}",1
571,False,"{'a': 0.75, 'e': 0.0032188157314179885}",25,15,16.27673116862913,"{0: 10, 1: 0, 2: 0, 3: 0, 4: 0}",1
572,False,"{'a': 0.75, 'e': 0.003186627574103809}",20,13,11.0567625647929,"{0: 7, 1: 0, 2: 0, 3: 0, 4: 0}",1
573,False,"{'a': 0.75, 'e': 0.0031547612983627705}",20,13,15.101005906444403,"{0: 7, 1: 0, 2: 0, 3: 0, 4: 0}",1
574,False,"{'a': 0.75, 'e': 0.003123213685379143}",30,2,41.168563556179535,"{0: 28, 1: 0, 2: 0, 3: 0, 4: 0}",1
575,False,"{'a': 0.75, 'e': 0.0030919815485253516}",25,13,20.508075427613193,"{0: 12, 1: 0, 2: 0, 3: 0, 4: 0}",1
576,False,"{'a': 0.75, 'e': 0.003061061733040098}",25,14,21.56718924971201,"{0: 11, 1: 0, 2: 0, 3: 0, 4: 0}",1
577,False,"{'a': 0.75, 'e': 0.003030451115709697}",25,11,24.425628249697244,"{0: 14, 1: 0, 2: 0, 3: 0, 4: 0}",1
578,False,"{'a': 0.75, 'e': 0.0030001466045526}",25,0,38.20701158084104,"{0: 25, 1: 0, 2: 0, 3: 0, 4: 0}",0
579,False,"{'a': 0.75, 'e': 0.002970145138507074}",25,17,14.83003111107663,"{0: 8, 1: 0, 2: 0, 3: 0, 4: 0}",1
580,False,"{'a': 0.75, 'e': 0.002940443687122003}",20,0,28.933869610239466,"{0: 20, 1: 0, 2: 0, 3: 0, 4: 0}",0
581,False,"{'a': 0.75, 'e': 0.002911039250250783}",20,6,26.745405980490144,"{0: 14, 1: 0, 2: 0, 3: 0, 4: 0}",1
582,False,"{'a': 0.75, 'e': 0.0028819288577482754}",20,6,24.663542425564902,"{0: 14, 1: 0, 2: 0, 3: 0, 4: 0}",1
583,False,"{'a': 0.75, 'e': 0.0028531095691707925}",20,12,12.791147686951042,"{0: 8, 1: 0, 2: 0, 3: 0, 4: 0}",1
584,False,"{'a': 0.75, 'e': 0.0028245784734790844}",25,11,26.812524050879187,"{0: 14, 1: 0, 2: 0, 3: 0, 4: 0}",1
585,False,"{'a': 0.75, 'e': 0.0027963326887442937}",20,9,16.354142375125864,"{0: 11, 1: 0, 2: 0, 3: 0, 4: 0}",1
586,False,"{'a': 0.75, 'e': 0.0027683693618568506}",20,12,14.090857775052639,"{0: 8, 1: 0, 2: 0, 3: 0, 4: 0}",1
587,False,"{'a': 0.75, 'e': 0.002740685668238282}",20,3,23.25125575918299,"{0: 17, 1: 0, 2: 0, 3: 0, 4: 0}",1
588,False,"{'a': 0.75, 'e': 0.0027132788115558993}",30,12,31.437769744805678,"{0: 18, 1: 0, 2: 0, 3: 0, 4: 0}",1
589,False,"{'a': 0.75, 'e': 0.0026861460234403403}",30,5,41.50564622280452,"{0: 25, 1: 0, 2: 0, 3: 0, 4: 0}",1
590,False,"{'a': 0.75, 'e': 0.002659284563205937}",20,0,31.757570436989955,"{0: 20, 1: 0, 2: 0, 3: 0, 4: 0}",0
591,False,"{'a': 0.75, 'e': 0.0026326917175738774}",20,1,33.20811657885695,"{0: 19, 1: 0, 2: 0, 3: 0, 4: 0}",1
592,False,"{'a': 0.75, 'e': 0.0026063648003981387}",35,18,28.853056789907136,"{0: 17, 1: 0, 2: 0, 3: 0, 4: 0}",1
593,False,"{'a': 0.75, 'e': 0.0025803011523941573}",20,8,17.021161135370203,"{0: 12, 1: 0, 2: 0, 3: 0, 4: 0}",1
594,False,"{'a': 0.75, 'e': 0.0025544981408702158}",30,22,13.183112563540686,"{0: 8, 1: 0, 2: 0, 3: 0, 4: 0}",1
595,False,"{'a': 0.75, 'e': 0.0025289531594615135}",20,0,33.28524692818672,"{0: 20, 1: 0, 2: 0, 3: 0, 4: 0}",0
596,False,"{'a': 0.75, 'e': 0.0025036636278668984}",20,9,16.03882642433328,"{0: 11, 1: 0, 2: 0, 3: 0, 4: 0}",1
597,False,"{'a': 0.75, 'e': 0.0024786269915882293}",20,10,18.591638873821086,"{0: 10, 1: 0, 2: 0, 3: 0, 4: 0}",1
598,False,"{'a': 0.75, 'e': 0.002453840721672347}",20,13,9.968080224738637,"{0: 7, 1: 0, 2: 0, 3: 0, 4: 0}",1
599,False,"{'a': 0.75, 'e': 0.0024293023144556234}",20,7,19.743105501727783,"{0: 13, 1: 0, 2: 0, 3: 0, 4: 0}",1
600,False,"{'a': 0.75, 'e': 0.0024050092913110673}",30,0,43.386599083624574,"{0: 30, 1: 0, 2: 0, 3: 0, 4: 0}",0
601,False,"{'a': 0.75, 'e': 0.0023809591983979567}",25,18,14.18352806289965,"{0: 7, 1: 0, 2: 0, 3: 0, 4: 0}",1
602,False,"{'a': 0.75, 'e': 0.002357149606413977}",20,6,25.617763215920675,"{0: 14, 1: 0, 2: 0, 3: 0, 4: 0}",1
603,False,"{'a': 0.75, 'e': 0.002333578110349837}",20,8,20.742693943303664,"{0: 12, 1: 0, 2: 0, 3: 0, 4: 0}",1
604,False,"{'a': 0.75, 'e': 0.0023102423292463386}",25,8,28.006271256751187,"{0: 17, 1: 0, 2: 0, 3: 0, 4: 0}",1
605,False,"{'a': 0.75, 'e': 0.0022871399059538754}",20,9,22.118622651375805,"{0: 11, 1: 0, 2: 0, 3: 0, 4: 0}",1
606,False,"{'a': 0.75, 'e': 0.0022642685068943367}",20,16,6.231719380916434,"{0: 4, 1: 0, 2: 0, 3: 0, 4: 0}",1
607,False,"{'a': 0.75, 'e': 0.002241625821825393}",25,14,17.918010609362177,"{0: 11, 1: 0, 2: 0, 3: 0, 4: 0}",1
608,False,"{'a': 0.75, 'e': 0.0022192095636071395}",25,9,19.544506753844992,"{0: 16, 1: 0, 2: 0, 3: 0, 4: 0}",1
609,False,"{'a': 0.75, 'e': 0.002197017467971068}",30,7,-5.354937729840876,"{0: 22, 1: 0, 2: 0, 3: 0, 4: 1}",1
610,False,"{'a': 0.75, 'e': 0.002175047293291357}",25,14,21.861417322659637,"{0: 11, 1: 0, 2: 0, 3: 0, 4: 0}",1
611,False,"{'a': 0.75, 'e': 0.002153296820358444}",25,17,15.030890774979081,"{0: 8, 1: 0, 2: 0, 3: 0, 4: 0}",1
612,False,"{'a': 0.75, 'e': 0.0021317638521548593}",25,11,25.918776097321448,"{0: 14, 1: 0, 2: 0, 3: 0, 4: 0}",1
613,False,"{'a': 0.75, 'e': 0.0021104462136333105}",20,9,17.546652133798517,"{0: 11, 1: 0, 2: 0, 3: 0, 4: 0}",1
614,False,"{'a': 0.75, 'e': 0.0020893417514969773}",25,14,15.557640349856285,"{0: 11, 1: 0, 2: 0, 3: 0, 4: 0}",1
615,False,"{'a': 0.75, 'e': 0.0020684483339820075}",25,17,18.34173379672694,"{0: 8, 1: 0, 2: 0, 3: 0, 4: 0}",1
616,False,"{'a': 0.75, 'e': 0.0020477638506421875}",20,6,25.39234029174531,"{0: 14, 1: 0, 2: 0, 3: 0, 4: 0}",1
617,False,"{'a': 0.75, 'e': 0.0020272862121357657}",25,8,25.784408639560148,"{0: 17, 1: 0, 2: 0, 3: 0, 4: 0}",1
618,False,"{'a': 0.75, 'e': 0.002007013350014408}",20,0,25.78853432835745,"{0: 20, 1: 0, 2: 0, 3: 0, 4: 0}",0
619,False,"{'a': 0.75, 'e': 0.0019869432165142637}",30,24,10.83457418933936,"{0: 6, 1: 0, 2: 0, 3: 0, 4: 0}",1
620,False,"{'a': 0.75, 'e': 0.001967073784349121}",35,22,28.38902910831083,"{0: 13, 1: 0, 2: 0, 3: 0, 4: 0}",1
621,False,"{'a': 0.75, 'e': 0.00194740304650563}",30,14,27.975668692369762,"{0: 16, 1: 0, 2: 0, 3: 0, 4: 0}",1
622,False,"{'a': 0.75, 'e': 0.0019279290160405737}",30,10,30.559724153545385,"{0: 20, 1: 0, 2: 0, 3: 0, 4: 0}",1
623,False,"{'a': 0.75, 'e': 0.001908649725880168}",20,8,21.351979946255288,"{0: 12, 1: 0, 2: 0, 3: 0, 4: 0}",1
624,False,"{'a': 0.75, 'e': 0.0018895632286213661}",30,14,22.72347370631853,"{0: 16, 1: 0, 2: 0, 3: 0, 4: 0}",1
625,False,"{'a': 0.75, 'e': 0.0018706675963351526}",20,9,17.567052987628514,"{0: 11, 1: 0, 2: 0, 3: 0, 4: 0}",1
626,False,"{'a': 0.75, 'e': 0.001851960920371801}",20,0,30.81454417136042,"{0: 20, 1: 0, 2: 0, 3: 0, 4: 0}",0
627,False,"{'a': 0.75, 'e': 0.001833441311168083}",20,13,12.652634245210688,"{0: 7, 1: 0, 2: 0, 3: 0, 4: 0}",1
628,False,"{'a': 0.75, 'e': 0.0018151068980564022}",20,12,13.281309112979129,"{0: 8, 1: 0, 2: 0, 3: 0, 4: 0}",1
629,False,"{'a': 0.75, 'e': 0.001796955829075838}",20,5,25.97845669216446,"{0: 15, 1: 0, 2: 0, 3: 0, 4: 0}",1
630,False,"{'a': 0.75, 'e': 0.0017789862707850797}",30,22,11.957007253394185,"{0: 8, 1: 0, 2: 0, 3: 0, 4: 0}",1
631,False,"{'a': 0.75, 'e': 0.001761196408077229}",20,2,35.224172155198524,"{0: 18, 1: 0, 2: 0, 3: 0, 4: 0}",1
632,False,"{'a': 0.75, 'e': 0.0017435844439964566}",20,13,12.712739402680151,"{0: 7, 1: 0, 2: 0, 3: 0, 4: 0}",1
633,False,"{'a': 0.75, 'e': 0.001726148599556492}",25,13,0.6314099900550829,"{0: 11, 1: 0, 2: 0, 3: 1, 4: 0}",1
634,False,"{'a': 0.75, 'e': 0.001708887113560927}",20,3,30.303509824766046,"{0: 17, 1: 0, 2: 0, 3: 0, 4: 0}",1
635,False,"{'a': 0.75, 'e': 0.0016917982424253177}",25,12,23.98076703145638,"{0: 13, 1: 0, 2: 0, 3: 0, 4: 0}",1
636,False,"{'a': 0.75, 'e': 0.0016748802600010646}",20,10,14.325373503470654,"{0: 10, 1: 0, 2: 0, 3: 0, 4: 0}",1
637,False,"{'a': 0.75, 'e': 0.0016581314574010539}",25,17,14.0691937540015,"{0: 8, 1: 0, 2: 0, 3: 0, 4: 0}",1
638,False,"{'a': 0.75, 'e': 0.0016415501428270432}",20,6,-0.22840070843162041,"{0: 13, 1: 0, 2: 0, 3: 1, 4: 0}",1
639,False,"{'a': 0.75, 'e': 0.001625134641398773}",30,16,25.66679990493003,"{0: 14, 1: 0, 2: 0, 3: 0, 4: 0}",1
640,False,"{'a': 0.75, 'e': 0.001608883294984785}",25,13,21.133712084812988,"{0: 12, 1: 0, 2: 0, 3: 0, 4: 0}",1
641,False,"{'a': 0.75, 'e': 0.0015927944620349372}",25,12,23.12864465572852,"{0: 13, 1: 0, 2: 0, 3: 0, 4: 0}",1
642,False,"{'a': 0.75, 'e': 0.0015768665174145879}",30,16,27.61573852952764,"{0: 14, 1: 0, 2: 0, 3: 0, 4: 0}",1
643,False,"{'a': 0.75, 'e': 0.001561097852240442}",35,9,38.18393977063258,"{0: 26, 1: 0, 2: 0, 3: 0, 4: 0}",1
644,False,"{'a': 0.75, 'e': 0.0015454868737180376}",20,16,7.9848476972232785,"{0: 4, 1: 0, 2: 0, 3: 0, 4: 0}",1
645,False,"{'a': 0.75, 'e': 0.001530032004980857}",20,0,34.15472800986518,"{0: 20, 1: 0, 2: 0, 3: 0, 4: 0}",0
646,False,"{'a': 0.75, 'e': 0.0015147316849310486}",20,7,25.457949811260473,"{0: 13, 1: 0, 2: 0, 3: 0, 4: 0}",1
647,False,"{'a': 0.75, 'e': 0.001499584368081738}",20,7,-22.006848254181968,"{0: 12, 1: 0, 2: 0, 3: 0, 4: 1}",1
648,False,"{'a': 0.75, 'e': 0.0014845885244009207}",30,20,20.148652068743687,"{0: 10, 1: 0, 2: 0, 3: 0, 4: 0}",1
649,False,"{'a': 0.75, 'e': 0.0014697426391569114}",20,14,11.732793286704677,"{0: 6, 1: 0, 2: 0, 3: 0, 4: 0}",1
650,False,"{'a': 0.75, 'e': 0.0014550452127653423}",25,18,12.021258213704797,"{0: 7, 1: 0, 2: 0, 3: 0, 4: 0}",1
651,False,"{'a': 0.75, 'e': 0.001440494760637689}",30,16,24.425130392672706,"{0: 14, 1: 0, 2: 0, 3: 0, 4: 0}",1
652,False,"{'a': 0.75, 'e': 0.001426089813031312}",25,4,36.26175651233358,"{0: 21, 1: 0, 2: 0, 3: 0, 4: 0}",1
653,False,"{'a': 0.75, 'e': 0.0014118289149009989}",25,2,42.067287168023256,"{0: 23, 1: 0, 2: 0, 3: 0, 4: 0}",1
654,False,"{'a': 0.75, 'e': 0.001397710625751989}",25,11,25.518998492926475,"{0: 14, 1: 0, 2: 0, 3: 0, 4: 0}",1
655,False,"{'a': 0.75, 'e': 0.001383733519494469}",25,15,14.7123654602227,"{0: 10, 1: 0, 2: 0, 3: 0, 4: 0}",1
656,False,"{'a': 0.75, 'e': 0.0013698961842995242}",30,13,29.913678466691742,"{0: 17, 1: 0, 2: 0, 3: 0, 4: 0}",1
657,False,"{'a': 0.75, 'e': 0.001356197222456529}",25,5,34.68429104668102,"{0: 20, 1: 0, 2: 0, 3: 0, 4: 0}",1
658,False,"{'a': 0.75, 'e': 0.0013426352502319636}",20,16,5.067148096849742,"{0: 4, 1: 0, 2: 0, 3: 0, 4: 0}",1
659,False,"{'a': 0.75, 'e': 0.001329208897729644}",25,15,19.596694019334603,"{0: 10, 1: 0, 2: 0, 3: 0, 4: 0}",1
660,False,"{'a': 0.75, 'e': 0.0013159168087523475}",30,3,42.16075746715709,"{0: 27, 1: 0, 2: 0, 3: 0, 4: 0}",1
661,False,"{'a': 0.75, 'e': 0.0013027576406648242}",35,1,51.42181582165776,"{0: 34, 1: 0, 2: 0, 3: 0, 4: 0}",1
662,False,"{'a': 0.75, 'e': 0.0012897300642581758}",25,18,13.681232400620287,"{0: 7, 1: 0, 2: 0, 3: 0, 4: 0}",1
663,False,"{'a': 0.75, 'e': 0.001276832763615594}",20,12,13.942258390899182,"{0: 8, 1: 0, 2: 0, 3: 0, 4: 0}",1
664,False,"{'a': 0.75, 'e': 0.0012640644359794382}",25,2,33.46598466627055,"{0: 23, 1: 0, 2: 0, 3: 0, 4: 0}",1
665,False,"{'a': 0.75, 'e': 0.0012514237916196437}",25,15,19.466781188868495,"{0: 10, 1: 0, 2: 0, 3: 0, 4: 0}",1
666,False,"{'a': 0.75, 'e': 0.0012389095537034473}",30,5,40.4497879469143,"{0: 25, 1: 0, 2: 0, 3: 0, 4: 0}",1
667,False,"{'a': 0.75, 'e': 0.0012265204581664128}",20,0,33.744587466147195,"{0: 20, 1: 0, 2: 0, 3: 0, 4: 0}",0
668,False,"{'a': 0.75, 'e': 0.0012142552535847487}",20,7,24.46311091490387,"{0: 13, 1: 0, 2: 0, 3: 0, 4: 0}",1
669,False,"{'a': 0.75, 'e': 0.0012021127010489012}",25,12,20.91693921826095,"{0: 13, 1: 0, 2: 0, 3: 0, 4: 0}",1
670,False,"{'a': 0.75, 'e': 0.0011900915740384122}",20,8,23.180916174862187,"{0: 12, 1: 0, 2: 0, 3: 0, 4: 0}",1
671,False,"{'a': 0.75, 'e': 0.001178190658298028}",20,11,16.37134735187019,"{0: 9, 1: 0, 2: 0, 3: 0, 4: 0}",1
672,False,"{'a': 0.75, 'e': 0.0011664087517150477}",25,18,11.957212060851221,"{0: 7, 1: 0, 2: 0, 3: 0, 4: 0}",1
673,False,"{'a': 0.75, 'e': 0.0011547446641978973}",30,16,18.508700303384703,"{0: 13, 1: 1, 2: 0, 3: 0, 4: 0}",1
674,False,"{'a': 0.75, 'e': 0.0011431972175559183}",20,8,19.62220902143743,"{0: 12, 1: 0, 2: 0, 3: 0, 4: 0}",1
675,False,"{'a': 0.75, 'e': 0.0011317652453803591}",25,12,26.426694556722094,"{0: 13, 1: 0, 2: 0, 3: 0, 4: 0}",1
676,False,"{'a': 0.75, 'e': 0.0011204475929265554}",20,0,33.20330093247893,"{0: 20, 1: 0, 2: 0, 3: 0, 4: 0}",0
677,False,"{'a': 0.75, 'e': 0.0011092431169972899}",35,14,41.88995787292763,"{0: 21, 1: 0, 2: 0, 3: 0, 4: 0}",1
678,False,"{'a': 0.75, 'e': 0.001098150685827317}",25,8,24.96319230715232,"{0: 17, 1: 0, 2: 0, 3: 0, 4: 0}",1
679,False,"{'a': 0.75, 'e': 0.0010871691789690438}",25,12,21.43140746148924,"{0: 13, 1: 0, 2: 0, 3: 0, 4: 0}",1
680,False,"{'a': 0.75, 'e': 0.0010762974871793534}",25,8,26.566996440503026,"{0: 17, 1: 0, 2: 0, 3: 0, 4: 0}",1
681,False,"{'a': 0.75, 'e': 0.0010655345123075598}",20,0,29.37841870075414,"{0: 20, 1: 0, 2: 0, 3: 0, 4: 0}",0
682,False,"{'a': 0.75, 'e': 0.0010548791671844842}",25,20,9.518518682784308,"{0: 5, 1: 0, 2: 0, 3: 0, 4: 0}",1
683,False,"{'a': 0.75, 'e': 0.0010443303755126394}",25,2,31.148666104731607,"{0: 23, 1: 0, 2: 0, 3: 0, 4: 0}",1
684,False,"{'a': 0.75, 'e': 0.001033887071757513}",25,14,21.002021465772412,"{0: 11, 1: 0, 2: 0, 3: 0, 4: 0}",1
685,False,"{'a': 0.75, 'e': 0.0010235482010399377}",25,7,0.3170255187859541,"{0: 16, 1: 1, 2: 0, 3: 1, 4: 0}",1
686,False,"{'a': 0.75, 'e': 0.0010133127190295385}",25,14,17.02452988139502,"{0: 11, 1: 0, 2: 0, 3: 0, 4: 0}",1
687,False,"{'a': 0.75, 'e': 0.001003179591839243}",20,14,11.263578656310488,"{0: 6, 1: 0, 2: 0, 3: 0, 4: 0}",1
688,False,"{'a': 0.75, 'e': 0.0009931477959208507}",20,13,14.516524877270708,"{0: 7, 1: 0, 2: 0, 3: 0, 4: 0}",1
689,False,"{'a': 0.75, 'e': 0.0009832163179616421}",25,13,20.319457809251876,"{0: 12, 1: 0, 2: 0, 3: 0, 4: 0}",1
690,False,"{'a': 0.75, 'e': 0.0009733841547820256}",35,12,32.88614279965908,"{0: 23, 1: 0, 2: 0, 3: 0, 4: 0}",1
691,False,"{'a': 0.75, 'e': 0.0009636503132342054}",30,23,15.959815851705342,"{0: 7, 1: 0, 2: 0, 3: 0, 4: 0}",1
692,False,"{'a': 0.75, 'e': 0.0009540138101018634}",20,0,32.29014484304646,"{0: 20, 1: 0, 2: 0, 3: 0, 4: 0}",0
693,False,"{'a': 0.75, 'e': 0.0009444736720008447}",20,12,16.936797732253517,"{0: 8, 1: 0, 2: 0, 3: 0, 4: 0}",1
694,False,"{'a': 0.75, 'e': 0.0009350289352808363}",30,13,28.858427884198843,"{0: 17, 1: 0, 2: 0, 3: 0, 4: 0}",1
695,False,"{'a': 0.75, 'e': 0.0009256786459280278}",25,19,12.329111141699963,"{0: 6, 1: 0, 2: 0, 3: 0, 4: 0}",1
696,False,"{'a': 0.75, 'e': 0.0009164218594687476}",20,9,21.090570919974155,"{0: 11, 1: 0, 2: 0, 3: 0, 4: 0}",1
697,False,"{'a': 0.75, 'e': 0.0009072576408740601}",20,13,11.054381634099299,"{0: 7, 1: 0, 2: 0, 3: 0, 4: 0}",1
698,False,"{'a': 0.75, 'e': 0.0008981850644653195}",20,11,19.29689921057173,"{0: 9, 1: 0, 2: 0, 3: 0, 4: 0}",1
699,False,"{'a': 0.75, 'e': 0.0008892032138206663}",25,10,32.54380892465004,"{0: 15, 1: 0, 2: 0, 3: 0, 4: 0}",1
700,False,"{'a': 0.75, 'e': 0.0008803111816824596}",20,10,20.860166926821513,"{0: 10, 1: 0, 2: 0, 3: 0, 4: 0}",1
701,False,"{'a': 0.75, 'e': 0.000871508069865635}",20,6,28.439289498752508,"{0: 14, 1: 0, 2: 0, 3: 0, 4: 0}",1
702,False,"{'a': 0.75, 'e': 0.0008627929891669787}",25,8,22.988383253531726,"{0: 17, 1: 0, 2: 0, 3: 0, 4: 0}",1
703,False,"{'a': 0.75, 'e': 0.0008541650592753089}",25,6,29.12638777274962,"{0: 19, 1: 0, 2: 0, 3: 0, 4: 0}",1
704,False,"{'a': 0.75, 'e': 0.0008456234086825558}",20,13,9.64989164857785,"{0: 7, 1: 0, 2: 0, 3: 0, 4: 0}",1
705,False,"{'a': 0.75, 'e': 0.0008371671745957302}",20,7,23.833434458126213,"{0: 13, 1: 0, 2: 0, 3: 0, 4: 0}",1
706,False,"{'a': 0.75, 'e': 0.0008287955028497729}",20,0,28.92567395572138,"{0: 20, 1: 0, 2: 0, 3: 0, 4: 0}",0
707,False,"{'a': 0.75, 'e': 0.0008205075478212752}",25,13,21.285330566086365,"{0: 12, 1: 0, 2: 0, 3: 0, 4: 0}",1
708,False,"{'a': 0.75, 'e': 0.0008123024723430624}",30,18,23.070040316724608,"{0: 12, 1: 0, 2: 0, 3: 0, 4: 0}",1
709,False,"{'a': 0.75, 'e': 0.0008041794476196318}",20,0,32.39642001834984,"{0: 20, 1: 0, 2: 0, 3: 0, 4: 0}",0
710,False,"{'a': 0.75, 'e': 0.0007961376531434354}",25,20,9.15506023166405,"{0: 5, 1: 0, 2: 0, 3: 0, 4: 0}",1
711,False,"{'a': 0.75, 'e': 0.0007881762766120011}",20,6,24.92399082578013,"{0: 14, 1: 0, 2: 0, 3: 0, 4: 0}",1
712,False,"{'a': 0.75, 'e': 0.000780294513845881}",20,0,34.4548238441996,"{0: 20, 1: 0, 2: 0, 3: 0, 4: 0}",0
713,False,"{'a': 0.75, 'e': 0.0007724915687074222}",25,15,18.508118492222746,"{0: 10, 1: 0, 2: 0, 3: 0, 4: 0}",1
714,False,"{'a': 0.75, 'e': 0.000764766653020348}",25,3,33.96649491882433,"{0: 22, 1: 0, 2: 0, 3: 0, 4: 0}",1
715,False,"{'a': 0.75, 'e': 0.0007571189864901445}",20,13,12.667371207328191,"{0: 7, 1: 0, 2: 0, 3: 0, 4: 0}",1
716,False,"{'a': 0.75, 'e': 0.000749547796625243}",30,10,32.12342456707589,"{0: 20, 1: 0, 2: 0, 3: 0, 4: 0}",1
717,False,"{'a': 0.75, 'e': 0.0007420523186589907}",20,0,27.905643841353502,"{0: 20, 1: 0, 2: 0, 3: 0, 4: 0}",0
718,False,"{'a': 0.75, 'e': 0.0007346317954724008}",20,8,24.041587532984035,"{0: 12, 1: 0, 2: 0, 3: 0, 4: 0}",1
719,False,"{'a': 0.75, 'e': 0.0007272854775176767}",25,12,25.80686348728545,"{0: 13, 1: 0, 2: 0, 3: 0, 4: 0}",1
720,False,"{'a': 0.75, 'e': 0.0007200126227424999}",20,5,29.692216066407706,"{0: 15, 1: 0, 2: 0, 3: 0, 4: 0}",1
721,False,"{'a': 0.75, 'e': 0.0007128124965150749}",25,18,11.623857783547631,"{0: 7, 1: 0, 2: 0, 3: 0, 4: 0}",1
722,False,"{'a': 0.75, 'e': 0.0007056843715499241}",25,10,29.57349249072744,"{0: 15, 1: 0, 2: 0, 3: 0, 4: 0}",1
723,False,"{'a': 0.75, 'e': 0.0006986275278344249}",30,24,11.924322642856513,"{0: 6, 1: 0, 2: 0, 3: 0, 4: 0}",1
724,False,"{'a': 0.75, 'e': 0.0006916412525560807}",20,15,9.541340678626383,"{0: 5, 1: 0, 2: 0, 3: 0, 4: 0}",1
725,False,"{'a': 0.75, 'e': 0.0006847248400305198}",25,11,25.180180731449177,"{0: 14, 1: 0, 2: 0, 3: 0, 4: 0}",1
726,False,"{'a': 0.75, 'e': 0.0006778775916302147}",20,1,30.182246343359907,"{0: 19, 1: 0, 2: 0, 3: 0, 4: 0}",1
727,False,"{'a': 0.75, 'e': 0.0006710988157139125}",20,13,13.009400637031543,"{0: 7, 1: 0, 2: 0, 3: 0, 4: 0}",1
728,False,"{'a': 0.75, 'e': 0.0006643878275567733}",25,17,14.096654513906024,"{0: 8, 1: 0, 2: 0, 3: 0, 4: 0}",1
729,False,"{'a': 0.75, 'e': 0.0006577439492812056}",20,12,14.354563391829565,"{0: 8, 1: 0, 2: 0, 3: 0, 4: 0}",1
730,False,"{'a': 0.75, 'e': 0.0006511665097883936}",20,12,17.483192228665626,"{0: 8, 1: 0, 2: 0, 3: 0, 4: 0}",1
731,False,"{'a': 0.75, 'e': 0.0006446548446905096}",20,16,6.987435476872127,"{0: 4, 1: 0, 2: 0, 3: 0, 4: 0}",1
732,False,"{'a': 0.75, 'e': 0.0006382082962436045}",20,13,13.219030850941971,"{0: 7, 1: 0, 2: 0, 3: 0, 4: 0}",1
733,False,"{'a': 0.75, 'e': 0.0006318262132811685}",20,9,20.202329875848967,"{0: 11, 1: 0, 2: 0, 3: 0, 4: 0}",1
734,False,"{'a': 0.75, 'e': 0.0006255079511483568}",25,17,17.748017954087956,"{0: 8, 1: 0, 2: 0, 3: 0, 4: 0}",1
735,False,"{'a': 0.75, 'e': 0.0006192528716368732}",20,2,26.979809070668416,"{0: 18, 1: 0, 2: 0, 3: 0, 4: 0}",1
736,False,"{'a': 0.75, 'e': 0.0006130603429205045}",25,13,22.092735560833535,"{0: 12, 1: 0, 2: 0, 3: 0, 4: 0}",1
737,False,"{'a': 0.75, 'e': 0.0006069297394912994}",20,11,15.156392971697734,"{0: 9, 1: 0, 2: 0, 3: 0, 4: 0}",1
738,False,"{'a': 0.75, 'e': 0.0006008604420963865}",20,16,7.759978139487479,"{0: 4, 1: 0, 2: 0, 3: 0, 4: 0}",1
739,False,"{'a': 0.75, 'e': 0.0005948518376754226}",25,12,22.74258319343169,"{0: 13, 1: 0, 2: 0, 3: 0, 4: 0}",1
740,False,"{'a': 0.75, 'e': 0.0005889033192986683}",25,3,30.723955010267836,"{0: 22, 1: 0, 2: 0, 3: 0, 4: 0}",1
741,False,"{'a': 0.75, 'e': 0.0005830142861056817}",20,5,28.701568606372287,"{0: 15, 1: 0, 2: 0, 3: 0, 4: 0}",1
742,False,"{'a': 0.75, 'e': 0.0005771841432446248}",30,22,13.437260352642365,"{0: 8, 1: 0, 2: 0, 3: 0, 4: 0}",1
743,False,"{'a': 0.75, 'e': 0.0005714123018121785}",25,20,9.204725239244201,"{0: 5, 1: 0, 2: 0, 3: 0, 4: 0}",1
744,False,"{'a': 0.75, 'e': 0.0005656981787940568}",25,10,29.19663310202757,"{0: 15, 1: 0, 2: 0, 3: 0, 4: 0}",1
745,False,"{'a': 0.75, 'e': 0.0005600411970061162}",30,8,40.70215199249886,"{0: 22, 1: 0, 2: 0, 3: 0, 4: 0}",1
746,False,"{'a': 0.75, 'e': 0.000554440785036055}",25,5,33.06376862423036,"{0: 20, 1: 0, 2: 0, 3: 0, 4: 0}",1
747,False,"{'a': 0.75, 'e': 0.0005488963771856945}",20,8,21.80106487179647,"{0: 12, 1: 0, 2: 0, 3: 0, 4: 0}",1
748,False,"{'a': 0.75, 'e': 0.0005434074134138375}",20,14,11.275743256157181,"{0: 6, 1: 0, 2: 0, 3: 0, 4: 0}",1
749,False,"{'a': 0.75, 'e': 0.0005379733392796991}",30,12,34.651958224315194,"{0: 18, 1: 0, 2: 0, 3: 0, 4: 0}",1
750,False,"{'a': 0.75, 'e': 0.0005325936058869021}",25,11,21.47956107054326,"{0: 14, 1: 0, 2: 0, 3: 0, 4: 0}",1
751,False,"{'a': 0.75, 'e': 0.0005272676698280331}",20,4,27.42563159687868,"{0: 16, 1: 0, 2: 0, 3: 0, 4: 0}",1
752,False,"{'a': 0.75, 'e': 0.0005219949931297528}",20,6,22.379642177378354,"{0: 14, 1: 0, 2: 0, 3: 0, 4: 0}",1
753,False,"{'a': 0.75, 'e': 0.0005167750431984553}",30,10,36.76518485868974,"{0: 20, 1: 0, 2: 0, 3: 0, 4: 0}",1
754,False,"{'a': 0.75, 'e': 0.0005116072927664706}",25,10,4.214257198599083,"{0: 14, 1: 0, 2: 0, 3: 1, 4: 0}",1
755,False,"{'a': 0.75, 'e': 0.000506491219838806}",25,6,32.91871396186903,"{0: 19, 1: 0, 2: 0, 3: 0, 4: 0}",1
756,False,"{'a': 0.75, 'e': 0.0005014263076404179}",25,10,28.798252827048515,"{0: 15, 1: 0, 2: 0, 3: 0, 4: 0}",1
757,False,"{'a': 0.75, 'e': 0.0004964120445640137}",30,22,14.878782685624337,"{0: 8, 1: 0, 2: 0, 3: 0, 4: 0}",1
1,True,"{'a': 0.0, 'e': 0.0}",25,0,39.37526154388279,"{0: 25, 1: 0, 2: 0, 3: 0, 4: 0}",1
2,True,"{'a': 0.0, 'e': 0.0}",25,16,15.574801879479148,"{0: 9, 1: 0, 2: 0, 3: 0, 4: 0}",1
3,True,"{'a': 0.0, 'e': 0.0}",25,18,11.246481889859288,"{0: 7, 1: 0, 2: 0, 3: 0, 4: 0}",1
4,True,"{'a': 0.0, 'e': 0.0}",25,20,10.195388119141409,"{0: 5, 1: 0, 2: 0, 3: 0, 4: 0}",1
5,True,"{'a': 0.0, 'e': 0.0}",30,10,32.56769373678316,"{0: 20, 1: 0, 2: 0, 3: 0, 4: 0}",1
6,True,"{'a': 0.0, 'e': 0.0}",25,12,26.723948958429478,"{0: 13, 1: 0, 2: 0, 3: 0, 4: 0}",1
7,True,"{'a': 0.0, 'e': 0.0}",25,3,34.057272394055964,"{0: 22, 1: 0, 2: 0, 3: 0, 4: 0}",1
8,True,"{'a': 0.0, 'e': 0.0}",25,18,12.637917694155892,"{0: 7, 1: 0, 2: 0, 3: 0, 4: 0}",1
9,True,"{'a': 0.0, 'e': 0.0}",20,11,15.535113016378112,"{0: 9, 1: 0, 2: 0, 3: 0, 4: 0}",1
10,True,"{'a': 0.0, 'e': 0.0}",25,19,10.05778667596172,"{0: 6, 1: 0, 2: 0, 3: 0, 4: 0}",1
11,True,"{'a': 0.0, 'e': 0.0}",20,6,24.58534820995105,"{0: 14, 1: 0, 2: 0, 3: 0, 4: 0}",1
12,True,"{'a': 0.0, 'e': 0.0}",20,13,5.497387860244816,"{0: 6, 1: 1, 2: 0, 3: 0, 4: 0}",1
13,True,"{'a': 0.0, 'e': 0.0}",20,11,20.065021151514742,"{0: 9, 1: 0, 2: 0, 3: 0, 4: 0}",1
14,True,"{'a': 0.0, 'e': 0.0}",25,2,33.08132463313697,"{0: 23, 1: 0, 2: 0, 3: 0, 4: 0}",1
15,True,"{'a': 0.0, 'e': 0.0}",20,10,19.85658952073056,"{0: 10, 1: 0, 2: 0, 3: 0, 4: 0}",1
16,True,"{'a': 0.0, 'e': 0.0}",20,13,11.432934219287057,"{0: 7, 1: 0, 2: 0, 3: 0, 4: 0}",1
17,True,"{'a': 0.0, 'e': 0.0}",20,11,14.63447243204209,"{0: 9, 1: 0, 2: 0, 3: 0, 4: 0}",1
18,True,"{'a': 0.0, 'e': 0.0}",25,2,38.25649815468707,"{0: 23, 1: 0, 2: 0, 3: 0, 4: 0}",1
19,True,"{'a': 0.0, 'e': 0.0}",20,13,12.103224679939734,"{0: 7, 1: 0, 2: 0, 3: 0, 4: 0}",1
20,True,"{'a': 0.0, 'e': 0.0}",20,12,13.929953657247214,"{0: 8, 1: 0, 2: 0, 3: 0, 4: 0}",1
21,True,"{'a': 0.0, 'e': 0.0}",30,12,34.01510107569059,"{0: 18, 1: 0, 2: 0, 3: 0, 4: 0}",1
22,True,"{'a': 0.0, 'e': 0.0}",25,2,40.147377808616156,"{0: 23, 1: 0, 2: 0, 3: 0, 4: 0}",1
23,True,"{'a': 0.0, 'e': 0.0}",25,19,8.580465863429225,"{0: 6, 1: 0, 2: 0, 3: 0, 4: 0}",1
24,True,"{'a': 0.0, 'e': 0.0}",25,10,25.12224607436982,"{0: 15, 1: 0, 2: 0, 3: 0, 4: 0}",1
25,True,"{'a': 0.0, 'e': 0.0}",20,14,11.52420899042092,"{0: 6, 1: 0, 2: 0, 3: 0, 4: 0}",1
26,True,"{'a': 0.0, 'e': 0.0}",25,6,32.27446989419468,"{0: 19, 1: 0, 2: 0, 3: 0, 4: 0}",1
27,True,"{'a': 0.0, 'e': 0.0}",20,13,9.540287362684449,"{0: 7, 1: 0, 2: 0, 3: 0, 4: 0}",1
28,True,"{'a': 0.0, 'e': 0.0}",35,17,31.990667680203106,"{0: 18, 1: 0, 2: 0, 3: 0, 4: 0}",1
29,True,"{'a': 0.0, 'e': 0.0}",25,15,19.28565239632718,"{0: 10, 1: 0, 2: 0, 3: 0, 4: 0}",1
30,True,"{'a': 0.0, 'e': 0.0}",30,12,29.49243335127386,"{0: 18, 1: 0, 2: 0, 3: 0, 4: 0}",1
31,True,"{'a': 0.0, 'e': 0.0}",20,13,10.757782668448538,"{0: 7, 1: 0, 2: 0, 3: 0, 4: 0}",1
32,True,"{'a': 0.0, 'e': 0.0}",20,14,14.504916837215948,"{0: 6, 1: 0, 2: 0, 3: 0, 4: 0}",1
33,True,"{'a': 0.0, 'e': 0.0}",25,14,15.307791376574425,"{0: 11, 1: 0, 2: 0, 3: 0, 4: 0}",1
34,True,"{'a': 0.0, 'e': 0.0}",20,0,29.58232448112717,"{0: 20, 1: 0, 2: 0, 3: 0, 4: 0}",1
35,True,"{'a': 0.0, 'e': 0.0}",25,15,23.256293149552423,"{0: 10, 1: 0, 2: 0, 3: 0, 4: 0}",1
36,True,"{'a': 0.0, 'e': 0.0}",20,16,6.651467138889816,"{0: 4, 1: 0, 2: 0, 3: 0, 4: 0}",1
37,True,"{'a': 0.0, 'e': 0.0}",20,3,26.623296255711512,"{0: 17, 1: 0, 2: 0, 3: 0, 4: 0}",1
38,True,"{'a': 0.0, 'e': 0.0}",25,16,19.102769519989533,"{0: 9, 1: 0, 2: 0, 3: 0, 4: 0}",1
39,True,"{'a': 0.0, 'e': 0.0}",30,11,35.19790237834606,"{0: 19, 1: 0, 2: 0, 3: 0, 4: 0}",1
40,True,"{'a': 0.0, 'e': 0.0}",20,4,29.829546691759575,"{0: 16, 1: 0, 2: 0, 3: 0, 4: 0}",1
41,True,"{'a': 0.0, 'e': 0.0}",20,8,20.795560956331535,"{0: 12, 1: 0, 2: 0, 3: 0, 4: 0}",1
42,True,"{'a': 0.0, 'e': 0.0}",30,13,33.12121370437966,"{0: 17, 1: 0, 2: 0, 3: 0, 4: 0}",1
43,True,"{'a': 0.0, 'e': 0.0}",30,13,30.974596363586485,"{0: 17, 1: 0, 2: 0, 3: 0, 4: 0}",1
44,True,"{'a': 0.0, 'e': 0.0}",20,1,25.406324753145775,"{0: 19, 1: 0, 2: 0, 3: 0, 4: 0}",1
45,True,"{'a': 0.0, 'e': 0.0}",20,3,30.173657647735244,"{0: 17, 1: 0, 2: 0, 3: 0, 4: 0}",1
46,True,"{'a': 0.0, 'e': 0.0}",20,16,9.438972471902023,"{0: 4, 1: 0, 2: 0, 3: 0, 4: 0}",1
47,True,"{'a': 0.0, 'e': 0.0}",20,0,30.07850510536481,"{0: 20, 1: 0, 2: 0, 3: 0, 4: 0}",0
48,True,"{'a': 0.0, 'e': 0.0}",20,7,26.080844059850484,"{0: 13, 1: 0, 2: 0, 3: 0, 4: 0}",1
49,True,"{'a': 0.0, 'e': 0.0}",30,12,32.394556183055556,"{0: 18, 1: 0, 2: 0, 3: 0, 4: 0}",1
50,True,"{'a': 0.0, 'e': 0.0}",20,12,15.311934784197817,"{0: 8, 1: 0, 2: 0, 3: 0, 4: 0}",1
